at,endpoints,models,survivor_endpoints,survivor_cache_metered,survivor_cache_percent,scheduled_endpoints,audio_metered,audio_percent,audio_output_metered,audio_output_percent,completion_metered,completion_percent,image_metered,image_percent,image_output_metered,image_output_percent,image_token_metered,image_token_percent,input_audio_cache_metered,input_audio_cache_percent,input_cache_read_metered,input_cache_read_percent,input_cache_write_metered,input_cache_write_percent,input_cache_write_1h_metered,input_cache_write_1h_percent,internal_reasoning_metered,internal_reasoning_percent,prompt_metered,prompt_percent,request_metered,request_percent,web_search_metered,web_search_percent
2025-08-13T20:19:21.211Z,734,313,148,37,25.0,0,4,0.5449591280653951,0,0.0,664,90.46321525885558,93,12.670299727520437,0,0.0,0,0.0,0,0.0,95,12.942779291553133,54,7.356948228882834,0,0.0,1,0.1362397820163488,664,90.46321525885558,4,0.5449591280653951,3,0.4087193460490463
2025-08-14T00:00:00.000Z,735,313,148,37,25.0,0,4,0.54421768707483,0,0.0,665,90.47619047619048,93,12.653061224489797,0,0.0,0,0.0,0,0.0,95,12.92517006802721,54,7.346938775510204,0,0.0,1,0.1360544217687075,665,90.47619047619048,4,0.54421768707483,3,0.40816326530612246
2025-08-15T00:00:00.000Z,738,312,148,37,25.0,0,4,0.5420054200542005,0,0.0,668,90.51490514905149,91,12.330623306233063,0,0.0,0,0.0,0,0.0,95,12.872628726287262,54,7.317073170731708,0,0.0,1,0.13550135501355012,668,90.51490514905149,4,0.5420054200542005,3,0.4065040650406504
2025-08-16T00:00:00.000Z,737,313,148,37,25.0,0,6,0.8141112618724559,0,0.0,667,90.50203527815468,91,12.347354138398915,0,0.0,0,0.0,4,0.5427408412483039,95,12.890094979647218,54,7.3270013568521035,0,0.0,1,0.13568521031207598,667,90.50203527815468,4,0.5427408412483039,3,0.40705563093622793
2025-08-17T00:00:00.000Z,737,313,148,37,25.0,0,6,0.8141112618724559,0,0.0,667,90.50203527815468,91,12.347354138398915,0,0.0,0,0.0,4,0.5427408412483039,95,12.890094979647218,54,7.3270013568521035,0,0.0,1,0.13568521031207598,667,90.50203527815468,4,0.5427408412483039,3,0.40705563093622793
2025-08-18T00:00:00.000Z,738,314,148,37,25.0,0,6,0.8130081300813008,0,0.0,668,90.51490514905149,91,12.330623306233063,0,0.0,0,0.0,4,0.5420054200542005,95,12.872628726287262,54,7.317073170731708,0,0.0,1,0.13550135501355012,668,90.51490514905149,4,0.5420054200542005,3,0.4065040650406504
2025-08-19T00:00:00.000Z,738,313,148,37,25.0,0,6,0.8130081300813008,0,0.0,668,90.51490514905149,90,12.195121951219512,0,0.0,0,0.0,4,0.5420054200542005,94,12.737127371273713,53,7.181571815718157,0,0.0,1,0.13550135501355012,668,90.51490514905149,4,0.5420054200542005,3,0.4065040650406504
2025-08-20T00:00:00.000Z,737,314,148,37,25.0,0,7,0.9497964721845319,0,0.0,668,90.63772048846675,90,12.211668928086839,0,0.0,0,0.0,4,0.5427408412483039,94,12.754409769335142,53,7.191316146540027,0,0.0,1,0.13568521031207598,668,90.63772048846675,4,0.5427408412483039,3,0.40705563093622793
2025-08-21T00:00:00.000Z,728,313,148,37,25.0,0,7,0.9615384615384616,0,0.0,659,90.52197802197803,90,12.362637362637363,0,0.0,0,0.0,4,0.5494505494505495,94,12.912087912087912,53,7.28021978021978,0,0.0,1,0.13736263736263737,659,90.52197802197803,4,0.5494505494505495,3,0.41208791208791207
2025-08-22T00:00:00.000Z,735,315,148,37,25.0,0,7,0.9523809523809523,0,0.0,666,90.61224489795919,90,12.244897959183673,0,0.0,0,0.0,4,0.54421768707483,95,12.92517006802721,53,7.210884353741497,0,0.0,1,0.1360544217687075,666,90.61224489795919,4,0.54421768707483,3,0.40816326530612246
2025-08-23T00:00:00.000Z,735,315,148,37,25.0,0,7,0.9523809523809523,0,0.0,666,90.61224489795919,90,12.244897959183673,0,0.0,0,0.0,4,0.54421768707483,95,12.92517006802721,53,7.210884353741497,0,0.0,1,0.1360544217687075,666,90.61224489795919,4,0.54421768707483,3,0.40816326530612246
2025-08-24T00:00:00.000Z,735,315,148,37,25.0,0,7,0.9523809523809523,0,0.0,666,90.61224489795919,90,12.244897959183673,0,0.0,0,0.0,4,0.54421768707483,95,12.92517006802721,53,7.210884353741497,0,0.0,1,0.1360544217687075,666,90.61224489795919,4,0.54421768707483,3,0.40816326530612246
2025-08-25T00:00:00.000Z,734,315,148,37,25.0,0,7,0.9536784741144414,0,0.0,666,90.73569482288828,90,12.26158038147139,0,0.0,0,0.0,4,0.5449591280653951,95,12.942779291553133,53,7.220708446866485,0,0.0,1,0.1362397820163488,666,90.73569482288828,4,0.5449591280653951,3,0.4087193460490463
2025-08-26T00:00:00.000Z,741,318,148,37,25.0,0,7,0.9446693657219973,0,0.0,669,90.2834008097166,90,12.145748987854251,0,0.0,0,0.0,4,0.5398110661268556,95,12.820512820512821,53,7.152496626180837,0,0.0,1,0.1349527665317139,669,90.2834008097166,4,0.5398110661268556,3,0.4048582995951417
2025-08-27T00:00:00.000Z,746,321,148,37,25.0,0,7,0.938337801608579,0,0.0,674,90.3485254691689,92,12.332439678284182,2,0.2680965147453083,0,0.0,4,0.5361930294906166,96,12.868632707774799,53,7.10455764075067,0,0.0,1,0.13404825737265416,674,90.3485254691689,4,0.5361930294906166,3,0.40214477211796246
2025-08-28T00:00:00.000Z,751,321,148,37,25.0,0,7,0.9320905459387483,0,0.0,679,90.41278295605859,92,12.250332889480692,2,0.2663115845539281,0,0.0,4,0.5326231691078562,96,12.782956058588548,53,7.057256990679095,0,0.0,1,0.13315579227696406,679,90.41278295605859,4,0.5326231691078562,3,0.3994673768308921
2025-08-29T00:00:00.000Z,760,321,148,37,25.0,0,7,0.9210526315789473,0,0.0,688,90.52631578947368,90,11.842105263157896,2,0.2631578947368421,0,0.0,4,0.5263157894736842,96,12.631578947368421,53,6.973684210526316,0,0.0,1,0.13157894736842105,688,90.52631578947368,4,0.5263157894736842,8,1.0526315789473684
2025-08-30T00:00:00.000Z,760,321,148,37,25.0,0,7,0.9210526315789473,0,0.0,687,90.39473684210526,90,11.842105263157896,2,0.2631578947368421,0,0.0,4,0.5263157894736842,96,12.631578947368421,53,6.973684210526316,0,0.0,1,0.13157894736842105,687,90.39473684210526,4,0.5263157894736842,8,1.0526315789473684
2025-08-31T00:00:00.000Z,768,322,148,37,25.0,0,7,0.9114583333333334,0,0.0,695,90.49479166666667,90,11.71875,2,0.2604166666666667,0,0.0,4,0.5208333333333334,96,12.5,53,6.901041666666667,0,0.0,1,0.13020833333333334,695,90.49479166666667,4,0.5208333333333334,8,1.0416666666666667
2025-09-01T00:00:00.000Z,766,322,148,37,25.0,0,7,0.9138381201044387,0,0.0,693,90.46997389033943,90,11.74934725848564,2,0.26109660574412535,0,0.0,4,0.5221932114882507,96,12.532637075718016,53,6.919060052219321,0,0.0,1,0.13054830287206268,693,90.46997389033943,4,0.5221932114882507,8,1.0443864229765014
2025-09-02T00:00:00.000Z,766,322,148,37,25.0,0,7,0.9138381201044387,0,0.0,693,90.46997389033943,90,11.74934725848564,2,0.26109660574412535,0,0.0,4,0.5221932114882507,96,12.532637075718016,53,6.919060052219321,0,0.0,1,0.13054830287206268,693,90.46997389033943,4,0.5221932114882507,8,1.0443864229765014
2025-09-03T00:00:00.000Z,766,322,148,37,25.0,0,7,0.9138381201044387,0,0.0,694,90.60052219321149,90,11.74934725848564,2,0.26109660574412535,0,0.0,4,0.5221932114882507,96,12.532637075718016,53,6.919060052219321,0,0.0,1,0.13054830287206268,694,90.60052219321149,4,0.5221932114882507,8,1.0443864229765014
2025-09-04T00:00:00.000Z,761,321,148,37,25.0,0,7,0.9198423127463863,0,0.0,689,90.53876478318003,90,11.826544021024967,2,0.2628120893561104,0,0.0,4,0.5256241787122208,96,12.614980289093298,53,6.964520367936925,0,0.0,1,0.1314060446780552,689,90.53876478318003,4,0.5256241787122208,8,1.0512483574244416
2025-09-05T00:00:00.000Z,762,320,148,37,25.0,0,7,0.9186351706036745,0,0.0,691,90.68241469816273,90,11.811023622047244,2,0.26246719160104987,0,0.0,4,0.5249343832020997,96,12.598425196850394,53,6.955380577427822,0,0.0,1,0.13123359580052493,691,90.68241469816273,4,0.5249343832020997,9,1.1811023622047243
2025-09-06T00:00:00.000Z,770,323,148,37,25.0,0,7,0.9090909090909091,0,0.0,699,90.77922077922078,89,11.558441558441558,2,0.2597402597402597,0,0.0,4,0.5194805194805194,100,12.987012987012987,53,6.883116883116883,0,0.0,1,0.12987012987012986,699,90.77922077922078,4,0.5194805194805194,9,1.1688311688311688
2025-09-07T00:00:00.000Z,773,325,148,37,25.0,0,7,0.9055627425614489,0,0.0,700,90.55627425614489,89,11.513583441138422,2,0.258732212160414,0,0.0,4,0.517464424320828,100,12.936610608020699,53,6.85640362225097,0,0.0,1,0.129366106080207,700,90.55627425614489,4,0.517464424320828,9,1.1642949547218628
2025-09-08T00:00:00.000Z,773,325,148,37,25.0,0,7,0.9055627425614489,0,0.0,700,90.55627425614489,89,11.513583441138422,2,0.258732212160414,0,0.0,4,0.517464424320828,100,12.936610608020699,53,6.85640362225097,0,0.0,1,0.129366106080207,700,90.55627425614489,4,0.517464424320828,9,1.1642949547218628
2025-09-09T00:00:00.000Z,773,324,148,37,25.0,0,7,0.9055627425614489,0,0.0,701,90.6856403622251,89,11.513583441138422,2,0.258732212160414,0,0.0,4,0.517464424320828,101,13.065976714100906,53,6.85640362225097,0,0.0,1,0.129366106080207,701,90.6856403622251,4,0.517464424320828,9,1.1642949547218628
2025-09-10T00:00:00.000Z,773,326,148,37,25.0,0,7,0.9055627425614489,0,0.0,700,90.55627425614489,89,11.513583441138422,2,0.258732212160414,0,0.0,4,0.517464424320828,101,13.065976714100906,53,6.85640362225097,0,0.0,1,0.129366106080207,700,90.55627425614489,4,0.517464424320828,9,1.1642949547218628
2025-09-11T00:00:00.000Z,766,327,148,37,25.0,0,7,0.9138381201044387,0,0.0,693,90.46997389033943,89,11.618798955613578,2,0.26109660574412535,0,0.0,4,0.5221932114882507,101,13.18537859007833,53,6.919060052219321,0,0.0,1,0.13054830287206268,693,90.46997389033943,4,0.5221932114882507,9,1.174934725848564
2025-09-12T00:00:00.000Z,777,331,148,37,25.0,0,7,0.9009009009009009,0,0.0,704,90.6048906048906,89,11.454311454311455,2,0.2574002574002574,0,0.0,4,0.5148005148005148,101,12.998712998712998,53,6.821106821106821,0,0.0,1,0.1287001287001287,704,90.6048906048906,4,0.5148005148005148,9,1.1583011583011582
2025-09-13T00:00:00.000Z,780,331,148,37,25.0,0,7,0.8974358974358975,0,0.0,707,90.64102564102564,89,11.41025641025641,2,0.2564102564102564,0,0.0,4,0.5128205128205128,101,12.948717948717949,53,6.794871794871795,0,0.0,1,0.1282051282051282,707,90.64102564102564,4,0.5128205128205128,9,1.1538461538461537
2025-09-14T00:00:00.000Z,780,331,148,37,25.0,0,7,0.8974358974358975,0,0.0,707,90.64102564102564,89,11.41025641025641,2,0.2564102564102564,0,0.0,4,0.5128205128205128,101,12.948717948717949,53,6.794871794871795,0,0.0,1,0.1282051282051282,707,90.64102564102564,4,0.5128205128205128,9,1.1538461538461537
2025-09-15T00:00:00.000Z,782,331,148,37,25.0,0,7,0.8951406649616368,0,0.0,709,90.66496163682865,89,11.381074168797953,2,0.2557544757033248,0,0.0,4,0.5115089514066496,101,12.915601023017903,53,6.7774936061381075,0,0.0,1,0.1278772378516624,709,90.66496163682865,4,0.5115089514066496,9,1.1508951406649617
2025-09-16T00:00:00.000Z,787,328,148,37,25.0,0,7,0.8894536213468869,0,0.0,714,90.72426937738247,90,11.435832274459974,2,0.25412960609911056,0,0.0,4,0.5082592121982211,102,12.960609911054638,54,6.861499364675985,0,0.0,1,0.12706480304955528,714,90.72426937738247,4,0.5082592121982211,9,1.1435832274459974
2025-09-17T00:00:00.000Z,789,326,148,37,25.0,0,7,0.8871989860583016,0,0.0,718,91.00126742712294,89,11.280101394169835,2,0.2534854245880862,0,0.0,4,0.5069708491761724,104,13.181242078580482,54,6.844106463878327,0,0.0,1,0.1267427122940431,718,91.00126742712294,4,0.5069708491761724,18,2.2813688212927756
2025-09-18T00:00:00.000Z,795,327,148,37,25.0,0,7,0.8805031446540881,0,0.0,724,91.06918238993711,89,11.19496855345912,2,0.25157232704402516,0,0.0,4,0.5031446540880503,107,13.459119496855346,54,6.7924528301886795,0,0.0,1,0.12578616352201258,724,91.06918238993711,4,0.5031446540880503,19,2.389937106918239
2025-09-19T00:00:00.000Z,799,328,148,37,25.0,0,7,0.8760951188986232,0,0.0,728,91.11389236545682,89,11.13892365456821,2,0.2503128911138924,0,0.0,4,0.5006257822277848,107,13.391739674593241,54,6.758448060075094,0,0.0,1,0.1251564455569462,728,91.11389236545682,4,0.5006257822277848,19,2.3779724655819776
2025-09-20T00:00:00.000Z,799,328,148,37,25.0,0,7,0.8760951188986232,0,0.0,728,91.11389236545682,89,11.13892365456821,2,0.2503128911138924,0,0.0,4,0.5006257822277848,107,13.391739674593241,54,6.758448060075094,0,0.0,1,0.1251564455569462,728,91.11389236545682,4,0.5006257822277848,19,2.3779724655819776
2025-09-21T00:00:00.000Z,805,327,148,37,25.0,0,7,0.8695652173913043,0,0.0,735,91.30434782608695,89,11.055900621118013,2,0.2484472049689441,0,0.0,4,0.4968944099378882,107,13.29192546583851,54,6.708074534161491,0,0.0,1,0.12422360248447205,735,91.30434782608695,4,0.4968944099378882,19,2.360248447204969
2025-09-22T00:00:00.000Z,806,327,148,37,25.0,0,7,0.8684863523573201,0,0.0,736,91.3151364764268,89,11.042183622828784,2,0.24813895781637718,0,0.0,4,0.49627791563275436,107,13.275434243176178,54,6.699751861042183,0,0.0,1,0.12406947890818859,736,91.3151364764268,4,0.49627791563275436,19,2.357320099255583
2025-09-23T00:00:00.000Z,806,325,148,37,25.0,0,7,0.8684863523573201,0,0.0,740,91.81141439205955,89,11.042183622828784,2,0.24813895781637718,0,0.0,4,0.49627791563275436,106,13.15136476426799,54,6.699751861042183,0,0.0,1,0.12406947890818859,740,91.81141439205955,4,0.49627791563275436,19,2.357320099255583
2025-09-24T00:00:00.000Z,807,324,148,37,25.0,0,7,0.8674101610904585,0,0.0,742,91.9454770755886,89,11.028500619578686,2,0.24783147459727387,0,0.0,4,0.49566294919454773,107,13.258983890954152,54,6.691449814126394,0,0.0,1,0.12391573729863693,742,91.9454770755886,4,0.49566294919454773,19,2.354399008674102
2025-09-25T00:00:00.000Z,809,324,148,37,25.0,0,7,0.865265760197775,0,0.0,744,91.96538936959209,89,11.00123609394314,2,0.24721878862793573,0,0.0,4,0.49443757725587145,106,13.102595797280593,54,6.6749072929542645,0,0.0,1,0.12360939431396786,744,91.96538936959209,4,0.49443757725587145,18,2.2249690976514214
2025-09-26T00:00:00.000Z,813,325,148,37,25.0,0,7,0.8610086100861009,0,0.0,748,92.00492004920049,89,10.947109471094711,2,0.24600246002460024,0,0.0,4,0.4920049200492005,106,13.038130381303812,53,6.519065190651906,0,0.0,1,0.12300123001230012,748,92.00492004920049,4,0.4920049200492005,18,2.2140221402214024
2025-09-27T00:00:00.000Z,816,326,148,37,25.0,0,7,0.8578431372549019,0,0.0,751,92.0343137254902,89,10.906862745098039,2,0.24509803921568626,0,0.0,4,0.49019607843137253,106,12.990196078431373,53,6.495098039215686,0,0.0,1,0.12254901960784313,751,92.0343137254902,4,0.49019607843137253,18,2.2058823529411766
2025-09-28T00:00:00.000Z,804,326,148,37,25.0,0,7,0.8706467661691543,0,0.0,739,91.91542288557214,89,11.069651741293532,2,0.24875621890547264,0,0.0,4,0.4975124378109453,105,13.059701492537313,52,6.467661691542289,0,0.0,1,0.12437810945273632,739,91.91542288557214,4,0.4975124378109453,18,2.2388059701492535
2025-09-29T00:00:00.000Z,804,326,148,37,25.0,0,7,0.8706467661691543,0,0.0,739,91.91542288557214,89,11.069651741293532,2,0.24875621890547264,0,0.0,4,0.4975124378109453,105,13.059701492537313,52,6.467661691542289,0,0.0,1,0.12437810945273632,739,91.91542288557214,4,0.4975124378109453,18,2.2388059701492535
2025-09-30T00:00:00.000Z,807,327,148,37,25.0,0,7,0.8674101610904585,0,0.0,741,91.82156133828997,92,11.400247831474598,2,0.24783147459727387,0,0.0,4,0.49566294919454773,108,13.382899628252789,55,6.815365551425031,0,0.0,1,0.12391573729863693,741,91.82156133828997,4,0.49566294919454773,18,2.2304832713754648
2025-10-01T00:00:00.000Z,815,329,148,37,25.0,0,7,0.8588957055214724,0,0.0,748,91.77914110429448,92,11.28834355828221,2,0.24539877300613497,0,0.0,4,0.49079754601226994,109,13.374233128834355,55,6.748466257668712,0,0.0,1,0.12269938650306748,748,91.77914110429448,4,0.49079754601226994,18,2.208588957055215
2025-10-02T00:00:00.000Z,817,330,148,37,25.0,0,7,0.8567931456548348,0,0.0,749,91.67686658506732,92,11.260709914320685,2,0.24479804161566707,0,0.0,4,0.48959608323133413,109,13.341493268053856,55,6.731946144430845,0,0.0,1,0.12239902080783353,749,91.67686658506732,4,0.48959608323133413,18,2.2031823745410035
2025-10-03T00:00:00.000Z,819,329,148,37,25.0,0,7,0.8547008547008547,0,0.0,752,91.81929181929182,92,11.233211233211232,2,0.2442002442002442,0,0.0,4,0.4884004884004884,109,13.30891330891331,55,6.715506715506716,0,0.0,1,0.1221001221001221,752,91.81929181929182,4,0.4884004884004884,18,2.197802197802198
2025-10-04T00:00:00.000Z,814,325,148,37,25.0,0,7,0.85995085995086,0,0.0,748,91.89189189189189,92,11.302211302211303,2,0.2457002457002457,0,0.0,4,0.4914004914004914,109,13.390663390663391,55,6.756756756756757,0,0.0,1,0.12285012285012285,748,91.89189189189189,4,0.4914004914004914,18,2.211302211302211
2025-10-05T00:00:00.000Z,815,325,148,37,25.0,0,7,0.8588957055214724,0,0.0,749,91.90184049079754,92,11.28834355828221,2,0.24539877300613497,0,0.0,4,0.49079754601226994,109,13.374233128834355,55,6.748466257668712,0,0.0,1,0.12269938650306748,749,91.90184049079754,4,0.49079754601226994,18,2.208588957055215
2025-10-06T00:00:00.000Z,814,325,148,37,25.0,0,7,0.85995085995086,0,0.0,748,91.89189189189189,92,11.302211302211303,2,0.2457002457002457,0,0.0,4,0.4914004914004914,109,13.390663390663391,55,6.756756756756757,0,0.0,1,0.12285012285012285,748,91.89189189189189,4,0.4914004914004914,18,2.211302211302211
2025-10-07T00:00:00.000Z,808,322,148,38,25.675675675675677,0,7,0.8663366336633663,0,0.0,745,92.20297029702971,92,11.386138613861386,2,0.24752475247524752,0,0.0,4,0.49504950495049505,110,13.613861386138614,55,6.806930693069307,0,0.0,1,0.12376237623762376,745,92.20297029702971,4,0.49504950495049505,18,2.227722772277228
2025-10-08T00:00:00.000Z,816,324,148,38,25.675675675675677,0,7,0.8578431372549019,0,0.0,753,92.27941176470588,94,11.519607843137255,4,0.49019607843137253,0,0.0,4,0.49019607843137253,110,13.480392156862745,55,6.740196078431373,0,0.0,1,0.12254901960784313,753,92.27941176470588,4,0.49019607843137253,18,2.2058823529411766
2025-10-09T00:00:00.000Z,820,324,148,38,25.675675675675677,0,7,0.8536585365853658,0,0.0,757,92.3170731707317,94,11.463414634146341,4,0.4878048780487805,0,0.0,4,0.4878048780487805,110,13.414634146341463,55,6.7073170731707314,0,0.0,1,0.12195121951219512,757,92.3170731707317,4,0.4878048780487805,18,2.1951219512195124
2025-10-10T00:00:00.000Z,814,326,148,38,25.675675675675677,0,7,0.85995085995086,0,0.0,751,92.26044226044226,94,11.547911547911548,4,0.4914004914004914,0,0.0,4,0.4914004914004914,109,13.390663390663391,55,6.756756756756757,0,0.0,1,0.12285012285012285,751,92.26044226044226,4,0.4914004914004914,18,2.211302211302211
2025-10-11T00:00:00.000Z,819,329,148,38,25.675675675675677,0,7,0.8547008547008547,0,0.0,757,92.42979242979243,94,11.477411477411477,4,0.4884004884004884,0,0.0,4,0.4884004884004884,108,13.186813186813186,54,6.593406593406593,0,0.0,1,0.1221001221001221,757,92.42979242979243,4,0.4884004884004884,18,2.197802197802198
2025-10-12T00:00:00.000Z,819,329,148,38,25.675675675675677,0,7,0.8547008547008547,0,0.0,757,92.42979242979243,94,11.477411477411477,4,0.4884004884004884,0,0.0,4,0.4884004884004884,109,13.30891330891331,54,6.593406593406593,0,0.0,1,0.1221001221001221,757,92.42979242979243,4,0.4884004884004884,18,2.197802197802198
2025-10-13T00:00:00.000Z,820,329,148,38,25.675675675675677,0,7,0.8536585365853658,0,0.0,758,92.4390243902439,94,11.463414634146341,4,0.4878048780487805,0,0.0,4,0.4878048780487805,109,13.292682926829269,54,6.585365853658536,0,0.0,1,0.12195121951219512,758,92.4390243902439,4,0.4878048780487805,18,2.1951219512195124
2025-10-14T00:00:00.000Z,824,330,148,38,25.675675675675677,0,7,0.8495145631067961,0,0.0,762,92.47572815533981,94,11.407766990291263,4,0.4854368932038835,0,0.0,4,0.4854368932038835,109,13.228155339805825,54,6.553398058252427,0,0.0,1,0.12135922330097088,762,92.47572815533981,4,0.4854368932038835,18,2.1844660194174756
2025-10-15T00:00:00.000Z,829,333,148,39,26.35135135135135,0,7,0.8443908323281062,0,0.0,764,92.15922798552472,96,11.58021712907117,4,0.4825090470446321,0,0.0,4,0.4825090470446321,113,13.630880579010856,54,6.513872135102533,0,0.0,1,0.12062726176115803,764,92.15922798552472,4,0.4825090470446321,20,2.4125452352231602
2025-10-16T00:00:00.000Z,832,335,148,39,26.35135135135135,0,7,0.8413461538461539,0,0.0,770,92.54807692307692,97,11.658653846153847,5,0.6009615384615384,0,0.0,4,0.4807692307692308,117,14.0625,57,6.850961538461538,0,0.0,1,0.1201923076923077,770,92.54807692307692,4,0.4807692307692308,21,2.5240384615384617
2025-10-17T00:00:00.000Z,832,336,148,40,27.027027027027028,0,7,0.8413461538461539,0,0.0,769,92.42788461538461,98,11.778846153846153,6,0.7211538461538461,0,0.0,4,0.4807692307692308,120,14.423076923076923,57,6.850961538461538,0,0.0,1,0.1201923076923077,769,92.42788461538461,4,0.4807692307692308,22,2.644230769230769
2025-10-18T00:00:00.000Z,834,339,148,40,27.027027027027028,0,7,0.8393285371702638,0,0.0,772,92.56594724220624,98,11.750599520383693,6,0.7194244604316546,0,0.0,4,0.47961630695443647,121,14.508393285371703,57,6.83453237410072,0,0.0,1,0.11990407673860912,772,92.56594724220624,4,0.47961630695443647,22,2.6378896882494005
2025-10-19T00:00:00.000Z,831,339,148,40,27.027027027027028,0,7,0.8423586040914561,0,0.0,769,92.53910950661853,98,11.793020457280385,6,0.7220216606498195,0,0.0,4,0.4813477737665463,121,14.560770156438027,57,6.859205776173285,0,0.0,1,0.12033694344163658,769,92.53910950661853,4,0.4813477737665463,22,2.647412755716005
2025-10-20T00:00:00.000Z,831,339,148,40,27.027027027027028,0,7,0.8423586040914561,0,0.0,769,92.53910950661853,98,11.793020457280385,6,0.7220216606498195,0,0.0,4,0.4813477737665463,121,14.560770156438027,57,6.859205776173285,0,0.0,1,0.12033694344163658,769,92.53910950661853,4,0.4813477737665463,22,2.647412755716005
2025-10-21T00:00:00.000Z,834,338,148,40,27.027027027027028,0,7,0.8393285371702638,0,0.0,772,92.56594724220624,98,11.750599520383693,6,0.7194244604316546,0,0.0,4,0.47961630695443647,126,15.107913669064748,57,6.83453237410072,0,0.0,1,0.11990407673860912,772,92.56594724220624,4,0.47961630695443647,22,2.6378896882494005
2025-10-22T00:00:00.000Z,831,337,148,40,27.027027027027028,0,7,0.8423586040914561,0,0.0,770,92.65944645006017,98,11.793020457280385,6,0.7220216606498195,0,0.0,4,0.4813477737665463,126,15.16245487364621,57,6.859205776173285,0,0.0,1,0.12033694344163658,770,92.65944645006017,4,0.4813477737665463,22,2.647412755716005
2025-10-23T00:00:00.000Z,847,343,148,40,27.027027027027028,0,7,0.8264462809917356,0,0.0,783,92.44391971664699,98,11.570247933884298,6,0.7083825265643447,0,0.0,4,0.4722550177095632,126,14.87603305785124,57,6.7296340023612755,0,0.0,1,0.1180637544273908,783,92.44391971664699,4,0.4722550177095632,22,2.5974025974025974
2025-10-24T00:00:00.000Z,854,346,148,40,27.027027027027028,0,7,0.819672131147541,0,0.0,790,92.50585480093677,98,11.475409836065573,6,0.702576112412178,0,0.0,4,0.468384074941452,129,15.105386416861826,57,6.674473067915691,0,0.0,1,0.117096018735363,790,92.50585480093677,4,0.468384074941452,23,2.693208430913349
2025-10-25T00:00:00.000Z,856,347,148,40,27.027027027027028,0,9,1.0514018691588785,0,0.0,790,92.28971962616822,98,11.448598130841122,6,0.7009345794392523,0,0.0,6,0.7009345794392523,129,15.070093457943925,57,6.658878504672897,0,0.0,1,0.11682242990654206,790,92.28971962616822,4,0.4672897196261682,24,2.803738317757009
2025-10-26T00:00:00.000Z,856,346,148,40,27.027027027027028,0,9,1.0514018691588785,0,0.0,789,92.17289719626169,98,11.448598130841122,6,0.7009345794392523,0,0.0,6,0.7009345794392523,129,15.070093457943925,57,6.658878504672897,0,0.0,1,0.11682242990654206,789,92.17289719626169,4,0.4672897196261682,24,2.803738317757009
2025-10-27T00:00:00.000Z,857,347,148,40,27.027027027027028,0,9,1.0501750291715286,0,0.0,790,92.18203033838974,98,11.435239206534423,6,0.7001166861143524,0,0.0,6,0.7001166861143524,129,15.052508751458577,57,6.651108518086348,0,0.0,1,0.11668611435239207,790,92.18203033838974,4,0.46674445740956827,24,2.8004667444574096
2025-10-28T00:00:00.000Z,854,345,148,40,27.027027027027028,0,9,1.053864168618267,0,0.0,787,92.15456674473067,98,11.475409836065573,6,0.702576112412178,0,0.0,6,0.702576112412178,127,14.8711943793911,57,6.674473067915691,0,0.0,1,0.117096018735363,787,92.15456674473067,4,0.468384074941452,24,2.810304449648712
2025-10-29T00:00:00.000Z,853,345,148,40,27.027027027027028,0,9,1.0550996483001172,0,0.0,786,92.1453692848769,96,11.254396248534583,6,0.7033997655334114,0,0.0,6,0.7033997655334114,125,14.654161781946073,55,6.447831184056272,0,0.0,1,0.11723329425556858,786,92.1453692848769,4,0.46893317702227433,24,2.8135990621336457
2025-10-30T00:00:00.000Z,859,347,148,40,27.027027027027028,0,9,1.0477299185098952,0,0.0,793,92.31664726426077,96,11.175785797438882,6,0.6984866123399301,0,0.0,6,0.6984866123399301,125,14.551804423748544,55,6.40279394644936,0,0.0,1,0.11641443538998836,793,92.31664726426077,4,0.46565774155995343,24,2.7939464493597206
2025-10-31T00:00:00.000Z,860,349,148,40,27.027027027027028,0,10,1.1627906976744187,0,0.0,794,92.32558139534883,96,11.162790697674419,6,0.6976744186046512,0,0.0,6,0.6976744186046512,125,14.534883720930232,55,6.395348837209302,0,0.0,1,0.11627906976744186,794,92.32558139534883,5,0.5813953488372093,24,2.7906976744186047
2025-11-01T00:00:00.000Z,841,341,148,40,27.027027027027028,0,10,1.1890606420927468,0,0.0,781,92.86563614744352,96,11.414982164090368,6,0.713436385255648,0,0.0,6,0.713436385255648,125,14.863258026159334,55,6.539833531510107,0,0.0,1,0.11890606420927467,781,92.86563614744352,5,0.5945303210463734,24,2.853745541022592
2025-11-02T00:00:00.000Z,842,341,148,40,27.027027027027028,0,10,1.187648456057007,0,0.0,782,92.87410926365796,96,11.401425178147269,6,0.7125890736342043,0,0.0,6,0.7125890736342043,126,14.964370546318289,55,6.532066508313539,0,0.0,1,0.1187648456057007,782,92.87410926365796,5,0.5938242280285035,24,2.8503562945368173
2025-11-03T00:00:00.000Z,842,341,148,40,27.027027027027028,0,10,1.187648456057007,0,0.0,782,92.87410926365796,96,11.401425178147269,6,0.7125890736342043,0,0.0,6,0.7125890736342043,126,14.964370546318289,55,6.532066508313539,0,0.0,1,0.1187648456057007,782,92.87410926365796,5,0.5938242280285035,24,2.8503562945368173
2025-11-04T00:00:00.000Z,840,340,148,40,27.027027027027028,0,10,1.1904761904761905,0,0.0,780,92.85714285714286,96,11.428571428571429,6,0.7142857142857143,0,0.0,6,0.7142857142857143,126,15.0,55,6.5476190476190474,0,0.0,1,0.11904761904761904,780,92.85714285714286,5,0.5952380952380952,24,2.857142857142857
2025-11-05T00:00:00.000Z,835,338,148,40,27.027027027027028,0,10,1.1976047904191616,0,0.0,775,92.81437125748504,96,11.497005988023952,6,0.718562874251497,0,0.0,6,0.718562874251497,126,15.089820359281438,55,6.586826347305389,0,0.0,1,0.11976047904191617,775,92.81437125748504,5,0.5988023952095808,24,2.874251497005988
2025-11-06T00:00:00.000Z,833,338,148,40,27.027027027027028,0,10,1.2004801920768307,0,0.0,773,92.79711884753901,96,11.524609843937576,6,0.7202881152460985,0,0.0,6,0.7202881152460985,126,15.126050420168067,55,6.602641056422569,0,0.0,1,0.12004801920768307,773,92.79711884753901,5,0.6002400960384153,24,2.881152460984394
2025-11-07T00:00:00.000Z,826,339,148,40,27.027027027027028,0,10,1.2106537530266344,0,0.0,765,92.61501210653753,96,11.62227602905569,6,0.7263922518159807,0,0.0,6,0.7263922518159807,128,15.49636803874092,55,6.658595641646489,0,0.0,1,0.12106537530266344,765,92.61501210653753,5,0.6053268765133172,24,2.9055690072639226
2025-11-08T00:00:00.000Z,816,339,148,40,27.027027027027028,0,10,1.2254901960784315,0,0.0,755,92.52450980392157,96,11.764705882352942,6,0.7352941176470589,0,0.0,6,0.7352941176470589,126,15.441176470588236,56,6.862745098039215,0,0.0,1,0.12254901960784313,755,92.52450980392157,5,0.6127450980392157,24,2.9411764705882355
2025-11-09T00:00:00.000Z,821,340,148,40,27.027027027027028,0,10,1.218026796589525,0,0.0,760,92.5700365408039,96,11.69305724725944,6,0.730816077953715,0,0.0,6,0.730816077953715,129,15.712545676004872,56,6.82095006090134,0,0.0,1,0.1218026796589525,760,92.5700365408039,5,0.6090133982947625,24,2.92326431181486
2025-11-10T00:00:00.000Z,821,340,148,40,27.027027027027028,0,10,1.218026796589525,0,0.0,760,92.5700365408039,96,11.69305724725944,6,0.730816077953715,0,0.0,6,0.730816077953715,130,15.834348355663824,56,6.82095006090134,0,0.0,1,0.1218026796589525,760,92.5700365408039,5,0.6090133982947625,24,2.92326431181486
2025-11-11T00:00:00.000Z,822,341,148,40,27.027027027027028,0,10,1.2165450121654502,0,0.0,761,92.57907542579075,94,11.435523114355231,6,0.7299270072992701,0,0.0,6,0.7299270072992701,129,15.693430656934307,54,6.569343065693431,0,0.0,1,0.12165450121654502,761,92.57907542579075,5,0.6082725060827251,24,2.9197080291970803
2025-11-12T00:00:00.000Z,823,341,148,40,27.027027027027028,0,10,1.2150668286755772,0,0.0,762,92.58809234507898,94,11.421628189550425,6,0.7290400972053463,0,0.0,6,0.7290400972053463,129,15.674362089914945,54,6.561360874848116,0,0.0,1,0.12150668286755771,762,92.58809234507898,5,0.6075334143377886,24,2.9161603888213854
2025-11-13T00:00:00.000Z,822,340,148,40,27.027027027027028,0,10,1.2165450121654502,0,0.0,762,92.7007299270073,94,11.435523114355231,6,0.7299270072992701,0,0.0,6,0.7299270072992701,128,15.571776155717762,54,6.569343065693431,0,0.0,1,0.12165450121654502,762,92.7007299270073,5,0.6082725060827251,24,2.9197080291970803
2025-11-14T00:00:00.000Z,825,343,148,40,27.027027027027028,0,10,1.2121212121212122,0,0.0,765,92.72727272727273,94,11.393939393939394,6,0.7272727272727273,0,0.0,6,0.7272727272727273,132,16.0,54,6.545454545454546,0,0.0,1,0.12121212121212122,765,92.72727272727273,5,0.6060606060606061,26,3.1515151515151514
2025-11-15T00:00:00.000Z,828,343,148,40,27.027027027027028,0,10,1.2077294685990339,0,0.0,768,92.7536231884058,94,11.352657004830919,6,0.7246376811594203,0,0.0,6,0.7246376811594203,133,16.06280193236715,54,6.521739130434782,0,0.0,1,0.12077294685990338,768,92.7536231884058,5,0.6038647342995169,26,3.140096618357488
2025-11-16T00:00:00.000Z,825,341,148,40,27.027027027027028,0,10,1.2121212121212122,0,0.0,768,93.0909090909091,93,11.272727272727273,6,0.7272727272727273,0,0.0,6,0.7272727272727273,132,16.0,53,6.424242424242424,0,0.0,1,0.12121212121212122,768,93.0909090909091,5,0.6060606060606061,26,3.1515151515151514
2025-11-17T00:00:00.000Z,825,341,148,40,27.027027027027028,0,10,1.2121212121212122,0,0.0,768,93.0909090909091,93,11.272727272727273,6,0.7272727272727273,0,0.0,6,0.7272727272727273,132,16.0,53,6.424242424242424,0,0.0,1,0.12121212121212122,768,93.0909090909091,5,0.6060606060606061,26,3.1515151515151514
2025-11-18T00:00:00.000Z,825,339,148,40,27.027027027027028,0,10,1.2121212121212122,0,0.0,768,93.0909090909091,93,11.272727272727273,6,0.7272727272727273,0,0.0,6,0.7272727272727273,132,16.0,53,6.424242424242424,0,0.0,1,0.12121212121212122,768,93.0909090909091,5,0.6060606060606061,26,3.1515151515151514
2025-11-19T00:00:00.000Z,820,336,148,40,27.027027027027028,0,9,1.0975609756097562,0,0.0,765,93.29268292682927,95,11.585365853658537,6,0.7317073170731707,0,0.0,5,0.6097560975609756,133,16.21951219512195,54,6.585365853658536,0,0.0,1,0.12195121951219512,765,93.29268292682927,5,0.6097560975609756,26,3.1707317073170733
2025-11-20T00:00:00.000Z,821,337,148,40,27.027027027027028,0,9,1.0962241169305724,0,0.0,766,93.30085261875762,95,11.571254567600487,6,0.730816077953715,0,0.0,5,0.6090133982947625,133,16.199756394640684,54,6.577344701583435,0,0.0,1,0.1218026796589525,766,93.30085261875762,5,0.6090133982947625,26,3.166869671132765
2025-11-21T00:00:00.000Z,824,338,148,40,27.027027027027028,0,9,1.0922330097087378,0,0.0,769,93.3252427184466,97,11.771844660194175,8,0.970873786407767,2,0.24271844660194175,5,0.6067961165048543,134,16.262135922330096,54,6.553398058252427,0,0.0,1,0.12135922330097088,769,93.3252427184466,5,0.6067961165048543,26,3.1553398058252426
2025-11-22T00:00:00.000Z,818,338,148,40,27.027027027027028,0,9,1.1002444987775062,0,0.0,763,93.27628361858191,97,11.858190709046454,8,0.9779951100244498,2,0.24449877750611246,5,0.6112469437652812,134,16.381418092909534,54,6.601466992665037,0,0.0,1,0.12224938875305623,763,93.27628361858191,5,0.6112469437652812,26,3.1784841075794623
2025-11-23T00:00:00.000Z,821,341,148,40,27.027027027027028,0,9,1.0962241169305724,0,0.0,766,93.30085261875762,97,11.814859926918393,8,0.97442143727162,2,0.243605359317905,5,0.6090133982947625,134,16.321559074299635,54,6.577344701583435,0,0.0,1,0.1218026796589525,766,93.30085261875762,5,0.6090133982947625,26,3.166869671132765
2025-11-24T00:00:00.000Z,818,340,148,40,27.027027027027028,0,9,1.1002444987775062,0,0.0,763,93.27628361858191,97,11.858190709046454,8,0.9779951100244498,2,0.24449877750611246,5,0.6112469437652812,134,16.381418092909534,54,6.601466992665037,0,0.0,1,0.12224938875305623,763,93.27628361858191,5,0.6112469437652812,26,3.1784841075794623
2025-11-25T00:00:00.000Z,818,340,148,40,27.027027027027028,0,9,1.1002444987775062,0,0.0,763,93.27628361858191,97,11.858190709046454,8,0.9779951100244498,2,0.24449877750611246,5,0.6112469437652812,134,16.381418092909534,54,6.601466992665037,0,0.0,1,0.12224938875305623,763,93.27628361858191,5,0.6112469437652812,26,3.1784841075794623
2025-11-26T00:00:00.000Z,819,341,148,40,27.027027027027028,0,9,1.098901098901099,0,0.0,763,93.16239316239316,97,11.843711843711844,8,0.9768009768009768,2,0.2442002442002442,5,0.6105006105006106,137,16.72771672771673,57,6.95970695970696,0,0.0,1,0.1221001221001221,763,93.16239316239316,5,0.6105006105006106,29,3.5409035409035408
2025-11-27T00:00:00.000Z,810,329,148,40,27.027027027027028,0,12,1.4814814814814814,0,0.0,770,95.06172839506173,97,11.975308641975309,8,0.9876543209876543,2,0.24691358024691357,8,0.9876543209876543,137,16.91358024691358,57,7.037037037037037,0,0.0,1,0.12345679012345678,770,95.06172839506173,5,0.6172839506172839,29,3.580246913580247
2025-11-28T00:00:00.000Z,812,330,148,40,27.027027027027028,0,12,1.477832512315271,0,0.0,772,95.07389162561576,97,11.945812807881774,8,0.9852216748768473,2,0.24630541871921183,8,0.9852216748768473,137,16.87192118226601,57,7.019704433497537,0,0.0,1,0.12315270935960591,772,95.07389162561576,5,0.6157635467980296,29,3.5714285714285716
2025-11-29T00:00:00.000Z,807,329,148,40,27.027027027027028,0,12,1.486988847583643,0,0.0,769,95.2912019826518,97,12.019826517967783,8,0.9913258983890955,2,0.24783147459727387,8,0.9913258983890955,137,16.97645600991326,57,7.063197026022305,0,0.0,1,0.12391573729863693,769,95.2912019826518,5,0.6195786864931846,29,3.5935563816604708
2025-11-30T00:00:00.000Z,807,329,148,42,28.37837837837838,0,12,1.486988847583643,0,0.0,769,95.2912019826518,97,12.019826517967783,8,0.9913258983890955,2,0.24783147459727387,8,0.9913258983890955,145,17.967781908302353,57,7.063197026022305,0,0.0,1,0.12391573729863693,769,95.2912019826518,5,0.6195786864931846,29,3.5935563816604708
2025-12-01T00:00:00.000Z,807,329,148,42,28.37837837837838,0,12,1.486988847583643,0,0.0,769,95.2912019826518,97,12.019826517967783,8,0.9913258983890955,2,0.24783147459727387,8,0.9913258983890955,145,17.967781908302353,57,7.063197026022305,0,0.0,1,0.12391573729863693,769,95.2912019826518,5,0.6195786864931846,29,3.5935563816604708
2025-12-02T00:00:00.000Z,813,332,148,42,28.37837837837838,0,12,1.4760147601476015,0,0.0,774,95.20295202952029,95,11.685116851168512,8,0.984009840098401,2,0.24600246002460024,8,0.984009840098401,146,17.958179581795818,57,7.011070110701107,0,0.0,1,0.12300123001230012,774,95.20295202952029,5,0.6150061500615006,29,3.5670356703567037
2025-12-03T00:00:00.000Z,816,334,148,42,28.37837837837838,0,12,1.4705882352941178,0,0.0,776,95.09803921568627,95,11.642156862745098,8,0.9803921568627451,2,0.24509803921568626,8,0.9803921568627451,146,17.892156862745097,57,6.985294117647059,0,0.0,1,0.12254901960784313,776,95.09803921568627,5,0.6127450980392157,29,3.553921568627451
2025-12-04T00:00:00.000Z,819,335,148,42,28.37837837837838,0,12,1.465201465201465,0,0.0,780,95.23809523809524,95,11.5995115995116,8,0.9768009768009768,2,0.2442002442002442,8,0.9768009768009768,151,18.437118437118436,57,6.95970695970696,0,0.0,1,0.1221001221001221,780,95.23809523809524,5,0.6105006105006106,29,3.5409035409035408
2025-12-05T00:00:00.000Z,819,334,148,42,28.37837837837838,0,12,1.465201465201465,0,0.0,780,95.23809523809524,94,11.477411477411477,8,0.9768009768009768,2,0.2442002442002442,8,0.9768009768009768,152,18.55921855921856,57,6.95970695970696,0,0.0,1,0.1221001221001221,780,95.23809523809524,5,0.6105006105006106,29,3.5409035409035408
2025-12-06T00:00:00.000Z,819,336,148,42,28.37837837837838,0,12,1.465201465201465,0,0.0,776,94.74969474969475,94,11.477411477411477,8,0.9768009768009768,2,0.2442002442002442,8,0.9768009768009768,153,18.681318681318682,57,6.95970695970696,0,0.0,1,0.1221001221001221,776,94.74969474969475,5,0.6105006105006106,29,3.5409035409035408
2025-12-07T00:00:00.000Z,820,336,148,42,28.37837837837838,0,12,1.4634146341463414,0,0.0,776,94.63414634146342,94,11.463414634146341,8,0.975609756097561,2,0.24390243902439024,8,0.975609756097561,154,18.78048780487805,58,7.073170731707317,0,0.0,1,0.12195121951219512,776,94.63414634146342,5,0.6097560975609756,29,3.5365853658536586
2025-12-08T00:00:00.000Z,814,334,148,42,28.37837837837838,0,12,1.4742014742014742,0,0.0,771,94.71744471744472,93,11.425061425061426,8,0.9828009828009828,2,0.2457002457002457,8,0.9828009828009828,154,18.91891891891892,57,7.002457002457002,0,0.0,1,0.12285012285012285,771,94.71744471744472,5,0.6142506142506142,29,3.5626535626535625
2025-12-09T00:00:00.000Z,817,337,148,42,28.37837837837838,0,12,1.4687882496940023,0,0.0,774,94.73684210526316,93,11.383108935128519,8,0.9791921664626683,2,0.24479804161566707,8,0.9791921664626683,155,18.9718482252142,57,6.976744186046512,0,0.0,1,0.12239902080783353,774,94.73684210526316,5,0.6119951040391677,29,3.5495716034271725
2025-12-10T00:00:00.000Z,821,338,148,42,28.37837837837838,0,12,1.46163215590743,0,0.0,778,94.76248477466504,93,11.327649208282581,8,0.97442143727162,2,0.243605359317905,8,0.97442143727162,155,18.879415347137638,57,6.942752740560293,0,0.0,1,0.1218026796589525,778,94.76248477466504,5,0.6090133982947625,29,3.5322777101096223
2025-12-11T00:00:00.000Z,824,340,148,42,28.37837837837838,0,12,1.4563106796116505,0,0.0,779,94.53883495145631,93,11.28640776699029,8,0.970873786407767,2,0.24271844660194175,8,0.970873786407767,155,18.810679611650485,57,6.91747572815534,0,0.0,1,0.12135922330097088,779,94.53883495145631,5,0.6067961165048543,29,3.5194174757281553
2025-12-12T00:00:00.000Z,826,343,148,42,28.37837837837838,0,12,1.4527845036319613,0,0.0,781,94.55205811138015,93,11.2590799031477,8,0.9685230024213075,2,0.24213075060532688,8,0.9685230024213075,156,18.886198547215496,57,6.900726392251816,0,0.0,1,0.12106537530266344,781,94.55205811138015,5,0.6053268765133172,32,3.87409200968523
2025-12-13T00:00:00.000Z,826,340,148,42,28.37837837837838,0,12,1.4527845036319613,0,0.0,781,94.55205811138015,93,11.2590799031477,8,0.9685230024213075,2,0.24213075060532688,8,0.9685230024213075,159,19.249394673123486,57,6.900726392251816,0,0.0,1,0.12106537530266344,781,94.55205811138015,5,0.6053268765133172,32,3.87409200968523
2025-12-14T00:00:00.000Z,826,340,148,42,28.37837837837838,0,12,1.4527845036319613,0,0.0,781,94.55205811138015,93,11.2590799031477,8,0.9685230024213075,2,0.24213075060532688,8,0.9685230024213075,159,19.249394673123486,57,6.900726392251816,0,0.0,1,0.12106537530266344,781,94.55205811138015,5,0.6053268765133172,32,3.87409200968523
2025-12-15T00:00:00.000Z,826,339,148,42,28.37837837837838,0,12,1.4527845036319613,0,0.0,782,94.67312348668281,93,11.2590799031477,8,0.9685230024213075,2,0.24213075060532688,8,0.9685230024213075,161,19.491525423728813,57,6.900726392251816,0,0.0,1,0.12106537530266344,782,94.67312348668281,5,0.6053268765133172,32,3.87409200968523
2025-12-16T00:00:00.000Z,827,340,148,42,28.37837837837838,0,12,1.4510278113663846,0,0.0,782,94.55864570737606,93,11.24546553808948,8,0.9673518742442564,2,0.2418379685610641,8,0.9673518742442564,161,19.46795646916566,57,6.892382103990326,0,0.0,1,0.12091898428053205,782,94.55864570737606,5,0.6045949214026602,32,3.8694074969770256
2025-12-17T00:00:00.000Z,831,345,148,42,28.37837837837838,0,12,1.444043321299639,0,0.0,782,94.1034897713598,93,11.191335740072201,8,0.9626955475330926,2,0.24067388688327315,8,0.9626955475330926,161,19.37424789410349,57,6.859205776173285,0,0.0,1,0.12033694344163658,782,94.1034897713598,5,0.601684717208183,32,3.8507821901323704
2025-12-18T00:00:00.000Z,833,347,148,42,28.37837837837838,0,14,1.680672268907563,0,0.0,784,94.11764705882354,93,11.164465786314526,8,0.9603841536614646,2,0.24009603841536614,10,1.2004801920768307,163,19.56782713085234,57,6.842737094837935,0,0.0,1,0.12004801920768307,784,94.11764705882354,5,0.6002400960384153,32,3.8415366146458583
2025-12-19T00:00:00.000Z,833,348,148,42,28.37837837837838,0,14,1.680672268907563,0,0.0,784,94.11764705882354,93,11.164465786314526,8,0.9603841536614646,2,0.24009603841536614,10,1.2004801920768307,164,19.687875150060023,57,6.842737094837935,0,0.0,1,0.12004801920768307,784,94.11764705882354,5,0.6002400960384153,32,3.8415366146458583
2025-12-20T00:00:00.000Z,831,348,148,42,28.37837837837838,0,14,1.6847172081829123,0,0.0,782,94.1034897713598,93,11.191335740072201,8,0.9626955475330926,2,0.24067388688327315,10,1.203369434416366,164,19.735258724428398,57,6.859205776173285,0,0.0,1,0.12033694344163658,782,94.1034897713598,5,0.601684717208183,32,3.8507821901323704
2025-12-21T00:00:00.000Z,826,347,148,42,28.37837837837838,0,14,1.694915254237288,0,0.0,778,94.18886198547216,93,11.2590799031477,8,0.9685230024213075,2,0.24213075060532688,10,1.2106537530266344,164,19.854721549636803,57,6.900726392251816,0,0.0,1,0.12106537530266344,778,94.18886198547216,5,0.6053268765133172,32,3.87409200968523
2025-12-22T00:00:00.000Z,826,347,148,42,28.37837837837838,0,14,1.694915254237288,0,0.0,778,94.18886198547216,93,11.2590799031477,8,0.9685230024213075,2,0.24213075060532688,10,1.2106537530266344,164,19.854721549636803,57,6.900726392251816,0,0.0,1,0.12106537530266344,778,94.18886198547216,5,0.6053268765133172,32,3.87409200968523
2025-12-23T00:00:00.000Z,829,348,148,42,28.37837837837838,0,14,1.6887816646562124,0,0.0,781,94.20989143546441,93,11.218335343787697,8,0.9650180940892642,2,0.24125452352231605,10,1.2062726176115801,165,19.903498190591073,57,6.875753920386007,0,0.0,1,0.12062726176115803,781,94.20989143546441,5,0.6031363088057901,32,3.860072376357057
2025-12-24T00:00:00.000Z,835,351,148,42,28.37837837837838,0,14,1.6766467065868262,0,0.0,787,94.25149700598803,93,11.137724550898204,8,0.9580838323353293,2,0.23952095808383234,10,1.1976047904191616,166,19.880239520958085,57,6.826347305389222,0,0.0,1,0.11976047904191617,787,94.25149700598803,5,0.5988023952095808,32,3.8323353293413174
2025-12-25T00:00:00.000Z,833,351,148,42,28.37837837837838,0,14,1.680672268907563,0,0.0,785,94.23769507803121,93,11.164465786314526,8,0.9603841536614646,2,0.24009603841536614,10,1.2004801920768307,168,20.168067226890756,59,7.082833133253302,0,0.0,1,0.12004801920768307,785,94.23769507803121,5,0.6002400960384153,32,3.8415366146458583
2025-12-26T00:00:00.000Z,833,351,148,42,28.37837837837838,0,14,1.680672268907563,0,0.0,785,94.23769507803121,93,11.164465786314526,8,0.9603841536614646,2,0.24009603841536614,10,1.2004801920768307,168,20.168067226890756,59,7.082833133253302,0,0.0,1,0.12004801920768307,785,94.23769507803121,5,0.6002400960384153,32,3.8415366146458583
2025-12-27T00:00:00.000Z,833,351,148,42,28.37837837837838,0,14,1.680672268907563,0,0.0,785,94.23769507803121,93,11.164465786314526,8,0.9603841536614646,2,0.24009603841536614,10,1.2004801920768307,169,20.28811524609844,60,7.202881152460985,0,0.0,1,0.12004801920768307,785,94.23769507803121,5,0.6002400960384153,32,3.8415366146458583
2025-12-28T00:00:00.000Z,833,351,148,42,28.37837837837838,0,14,1.680672268907563,0,0.0,785,94.23769507803121,93,11.164465786314526,8,0.9603841536614646,2,0.24009603841536614,10,1.2004801920768307,169,20.28811524609844,60,7.202881152460985,0,0.0,1,0.12004801920768307,785,94.23769507803121,5,0.6002400960384153,32,3.8415366146458583
2025-12-29T00:00:00.000Z,832,351,148,42,28.37837837837838,0,14,1.6826923076923077,0,0.0,784,94.23076923076923,93,11.177884615384615,8,0.9615384615384616,2,0.2403846153846154,10,1.2019230769230769,169,20.3125,60,7.211538461538462,0,0.0,1,0.1201923076923077,784,94.23076923076923,5,0.6009615384615384,32,3.8461538461538463
2025-12-30T00:00:00.000Z,832,351,148,42,28.37837837837838,0,14,1.6826923076923077,0,0.0,786,94.47115384615384,93,11.177884615384615,8,0.9615384615384616,2,0.2403846153846154,10,1.2019230769230769,169,20.3125,60,7.211538461538462,0,0.0,1,0.1201923076923077,786,94.47115384615384,5,0.6009615384615384,32,3.8461538461538463
2025-12-31T00:00:00.000Z,827,351,148,42,28.37837837837838,0,14,1.6928657799274487,0,0.0,781,94.43772672309552,93,11.24546553808948,8,0.9673518742442564,2,0.2418379685610641,10,1.2091898428053205,170,20.556227327690447,60,7.255139056831923,0,0.0,1,0.12091898428053205,781,94.43772672309552,5,0.6045949214026602,32,3.8694074969770256
2026-01-01T00:00:00.000Z,827,351,148,42,28.37837837837838,0,14,1.6928657799274487,0,0.0,781,94.43772672309552,93,11.24546553808948,8,0.9673518742442564,2,0.2418379685610641,10,1.2091898428053205,170,20.556227327690447,60,7.255139056831923,0,0.0,1,0.12091898428053205,781,94.43772672309552,5,0.6045949214026602,32,3.8694074969770256
2026-01-02T00:00:00.000Z,827,351,148,42,28.37837837837838,0,14,1.6928657799274487,0,0.0,781,94.43772672309552,93,11.24546553808948,8,0.9673518742442564,2,0.2418379685610641,10,1.2091898428053205,170,20.556227327690447,60,7.255139056831923,0,0.0,1,0.12091898428053205,781,94.43772672309552,5,0.6045949214026602,32,3.8694074969770256
2026-01-03T00:00:00.000Z,827,351,148,42,28.37837837837838,0,14,1.6928657799274487,0,0.0,781,94.43772672309552,93,11.24546553808948,8,0.9673518742442564,2,0.2418379685610641,10,1.2091898428053205,170,20.556227327690447,60,7.255139056831923,0,0.0,1,0.12091898428053205,781,94.43772672309552,5,0.6045949214026602,32,3.8694074969770256
2026-01-04T00:00:00.000Z,828,351,148,42,28.37837837837838,0,14,1.6908212560386473,0,0.0,782,94.44444444444444,93,11.231884057971014,8,0.966183574879227,2,0.24154589371980675,10,1.2077294685990339,170,20.531400966183575,61,7.367149758454106,0,0.0,1,0.12077294685990338,782,94.44444444444444,5,0.6038647342995169,32,3.864734299516908
2026-01-05T00:00:00.000Z,826,348,148,42,28.37837837837838,0,14,1.694915254237288,0,0.0,784,94.91525423728814,93,11.2590799031477,8,0.9685230024213075,2,0.24213075060532688,10,1.2106537530266344,170,20.581113801452783,61,7.38498789346247,0,0.0,1,0.12106537530266344,784,94.91525423728814,5,0.6053268765133172,32,3.87409200968523
2026-01-06T00:00:00.000Z,823,348,148,42,28.37837837837838,0,14,1.701093560145808,0,0.0,784,95.26123936816525,91,11.057108140947753,8,0.9720534629404617,2,0.24301336573511542,10,1.2150668286755772,172,20.899149453219927,59,7.168894289185905,0,0.0,1,0.12150668286755771,784,95.26123936816525,4,0.48602673147023084,32,3.8882138517618468
2026-01-07T00:00:00.000Z,822,345,148,42,28.37837837837838,0,14,1.70316301703163,0,0.0,782,95.1338199513382,91,11.070559610705596,8,0.9732360097323601,2,0.24330900243309003,10,1.2165450121654502,173,21.046228710462287,58,7.0559610705596105,0,0.0,1,0.12165450121654502,782,95.1338199513382,4,0.48661800486618007,32,3.8929440389294405
2026-01-08T00:00:00.000Z,823,345,148,42,28.37837837837838,0,14,1.701093560145808,0,0.0,783,95.13973268529769,91,11.057108140947753,8,0.9720534629404617,2,0.24301336573511542,10,1.2150668286755772,173,21.020656136087485,58,7.047387606318347,0,0.0,1,0.12150668286755771,783,95.13973268529769,4,0.48602673147023084,32,3.8882138517618468
2026-01-09T00:00:00.000Z,829,346,148,42,28.37837837837838,0,14,1.6887816646562124,0,0.0,789,95.17490952955367,91,10.97708082026538,8,0.9650180940892642,2,0.24125452352231605,10,1.2062726176115801,173,20.86851628468034,58,6.996381182147165,0,0.0,1,0.12062726176115803,789,95.17490952955367,4,0.4825090470446321,32,3.860072376357057
2026-01-10T00:00:00.000Z,830,347,148,42,28.37837837837838,0,14,1.6867469879518073,0,0.0,790,95.18072289156626,91,10.963855421686747,8,0.963855421686747,2,0.24096385542168675,10,1.2048192771084338,173,20.843373493975903,58,6.9879518072289155,0,0.0,1,0.12048192771084337,790,95.18072289156626,4,0.4819277108433735,32,3.855421686746988
2026-01-11T00:00:00.000Z,830,347,148,42,28.37837837837838,0,14,1.6867469879518073,0,0.0,790,95.18072289156626,91,10.963855421686747,8,0.963855421686747,2,0.24096385542168675,10,1.2048192771084338,173,20.843373493975903,58,6.9879518072289155,0,0.0,1,0.12048192771084337,790,95.18072289156626,4,0.4819277108433735,32,3.855421686746988
2026-01-12T00:00:00.000Z,830,347,148,42,28.37837837837838,0,14,1.6867469879518073,0,0.0,790,95.18072289156626,91,10.963855421686747,8,0.963855421686747,2,0.24096385542168675,10,1.2048192771084338,173,20.843373493975903,58,6.9879518072289155,0,0.0,1,0.12048192771084337,790,95.18072289156626,4,0.4819277108433735,32,3.855421686746988
2026-01-13T00:00:00.000Z,833,346,148,42,28.37837837837838,0,14,1.680672268907563,0,0.0,796,95.55822328931572,89,10.684273709483794,8,0.9603841536614646,2,0.24009603841536614,10,1.2004801920768307,180,21.608643457382954,58,6.9627851140456185,0,0.0,1,0.12004801920768307,796,95.55822328931572,4,0.4801920768307323,32,3.8415366146458583
2026-01-14T00:00:00.000Z,831,346,148,42,28.37837837837838,0,14,1.6847172081829123,0,0.0,794,95.54753309265945,89,10.709987966305656,8,0.9626955475330926,2,0.24067388688327315,10,1.203369434416366,180,21.660649819494584,58,6.979542719614922,0,0.0,1,0.12033694344163658,794,95.54753309265945,4,0.4813477737665463,32,3.8507821901323704
2026-01-15T00:00:00.000Z,816,338,148,42,28.37837837837838,0,14,1.7156862745098038,0,0.0,786,96.32352941176471,68,8.333333333333334,8,0.9803921568627451,2,0.24509803921568626,10,1.2254901960784315,180,22.058823529411764,57,6.985294117647059,0,0.0,1,0.12254901960784313,786,96.32352941176471,2,0.24509803921568626,35,4.28921568627451
2026-01-16T00:00:00.000Z,789,327,148,42,28.37837837837838,0,14,1.7743979721166032,0,0.0,752,95.31051964512041,62,7.858048162230672,6,0.7604562737642585,2,0.2534854245880862,12,1.520912547528517,176,22.306717363751584,59,7.477820025348542,0,0.0,1,0.1267427122940431,752,95.31051964512041,2,0.2534854245880862,35,4.435994930291508
2026-01-17T00:00:00.000Z,808,337,148,42,28.37837837837838,0,14,1.7326732673267327,0,0.0,771,95.42079207920793,64,7.920792079207921,6,0.7425742574257426,2,0.24752475247524752,12,1.4851485148514851,182,22.524752475247524,59,7.301980198019802,0,0.0,1,0.12376237623762376,771,95.42079207920793,2,0.24752475247524752,35,4.3316831683168315
2026-01-18T00:00:00.000Z,810,337,148,42,28.37837837837838,0,14,1.728395061728395,0,0.0,773,95.4320987654321,64,7.901234567901234,6,0.7407407407407407,2,0.24691358024691357,12,1.4814814814814814,182,22.469135802469136,59,7.283950617283951,0,0.0,1,0.12345679012345678,773,95.4320987654321,2,0.24691358024691357,36,4.444444444444445
2026-01-19T00:00:00.000Z,810,337,148,42,28.37837837837838,0,14,1.728395061728395,0,0.0,773,95.4320987654321,64,7.901234567901234,6,0.7407407407407407,2,0.24691358024691357,12,1.4814814814814814,182,22.469135802469136,59,7.283950617283951,0,0.0,1,0.12345679012345678,773,95.4320987654321,2,0.24691358024691357,36,4.444444444444445
2026-01-20T00:00:00.000Z,811,340,148,42,28.37837837837838,0,16,1.972872996300863,3,0.36991368680641185,774,95.43773119605426,64,7.891491985203452,6,0.7398273736128237,2,0.2466091245376079,12,1.4796547472256474,184,22.688039457459926,59,7.274969173859433,0,0.0,1,0.12330456226880394,774,95.43773119605426,2,0.2466091245376079,36,4.438964241676942
2026-01-21T00:00:00.000Z,813,342,148,42,28.37837837837838,0,19,2.337023370233702,3,0.36900369003690037,774,95.20295202952029,64,7.872078720787208,6,0.7380073800738007,2,0.24600246002460024,13,1.5990159901599017,184,22.63222632226322,59,7.2570725707257075,0,0.0,1,0.12300123001230012,774,95.20295202952029,2,0.24600246002460024,39,4.797047970479705
2026-01-22T00:00:00.000Z,813,343,148,42,28.37837837837838,0,19,2.337023370233702,3,0.36900369003690037,774,95.20295202952029,57,7.011070110701107,6,0.7380073800738007,2,0.24600246002460024,13,1.5990159901599017,184,22.63222632226322,59,7.2570725707257075,0,0.0,1,0.12300123001230012,774,95.20295202952029,2,0.24600246002460024,39,4.797047970479705
2026-01-23T00:00:00.000Z,809,343,148,42,28.37837837837838,0,32,3.9555006180469716,3,0.37082818294190356,772,95.42645241038319,67,8.281829419035846,6,0.7416563658838071,0,0.0,26,3.2138442521631645,190,23.485784919653895,67,8.281829419035846,0,0.0,29,3.584672435105068,772,95.42645241038319,2,0.24721878862793573,39,4.8207663782447465
2026-01-24T00:00:00.000Z,814,343,148,42,28.37837837837838,0,32,3.9312039312039313,3,0.36855036855036855,777,95.45454545454545,67,8.230958230958231,6,0.7371007371007371,0,0.0,26,3.194103194103194,190,23.34152334152334,67,8.230958230958231,0,0.0,29,3.5626535626535625,777,95.45454545454545,2,0.2457002457002457,39,4.791154791154791
2026-01-25T00:00:00.000Z,809,344,148,42,28.37837837837838,0,30,3.708281829419036,3,0.37082818294190356,770,95.17923362175526,65,8.034610630407911,6,0.7416563658838071,0,0.0,24,2.9666254635352285,189,23.362175525339925,66,8.15822002472188,0,0.0,27,3.3374536464771323,770,95.17923362175526,2,0.24721878862793573,39,4.8207663782447465
2026-01-26T00:00:00.000Z,808,344,148,42,28.37837837837838,0,30,3.712871287128713,3,0.3712871287128713,769,95.17326732673267,58,7.178217821782178,6,0.7425742574257426,0,0.0,24,2.9702970297029703,226,27.97029702970297,63,7.797029702970297,0,0.0,27,3.3415841584158414,769,95.17326732673267,2,0.24752475247524752,39,4.826732673267327
2026-01-27T00:00:00.000Z,814,343,148,42,28.37837837837838,0,30,3.6855036855036856,3,0.36855036855036855,776,95.33169533169533,31,3.808353808353808,6,0.7371007371007371,0,0.0,24,2.9484029484029484,236,28.992628992628994,64,7.862407862407863,0,0.0,27,3.3169533169533167,776,95.33169533169533,2,0.2457002457002457,75,9.213759213759214
2026-01-28T00:00:00.000Z,817,345,148,43,29.054054054054053,0,29,3.5495716034271725,3,0.3671970624235006,778,95.2264381884945,27,3.3047735618115057,6,0.7343941248470012,0,0.0,23,2.8151774785801713,259,31.701346389228885,61,7.466340269277846,0,0.0,26,3.182374541003672,778,95.2264381884945,2,0.24479804161566707,75,9.179926560587516
2026-01-29T00:00:00.000Z,819,345,148,43,29.054054054054053,0,29,3.5409035409035408,3,0.3663003663003663,781,95.36019536019536,27,3.2967032967032965,6,0.7326007326007326,0,0.0,23,2.808302808302808,260,31.746031746031747,61,7.448107448107448,0,0.0,26,3.1746031746031744,781,95.36019536019536,2,0.2442002442002442,75,9.157509157509157
2026-01-30T00:00:00.000Z,821,344,148,43,29.054054054054053,0,29,3.5322777101096223,3,0.3654080389768575,784,95.49330085261876,27,3.2886723507917175,6,0.730816077953715,0,0.0,23,2.8014616321559074,263,32.03410475030451,61,7.429963459196102,0,0.0,26,3.166869671132765,784,95.49330085261876,2,0.243605359317905,75,9.135200974421437
2026-01-31T00:00:00.000Z,820,344,148,43,29.054054054054053,0,29,3.5365853658536586,3,0.36585365853658536,783,95.48780487804878,27,3.292682926829268,6,0.7317073170731707,0,0.0,23,2.8048780487804876,263,32.073170731707314,61,7.439024390243903,0,0.0,26,3.1707317073170733,783,95.48780487804878,2,0.24390243902439024,75,9.146341463414634
2026-02-01T00:00:00.000Z,820,344,148,43,29.054054054054053,0,29,3.5365853658536586,3,0.36585365853658536,783,95.48780487804878,27,3.292682926829268,6,0.7317073170731707,0,0.0,23,2.8048780487804876,263,32.073170731707314,61,7.439024390243903,0,0.0,26,3.1707317073170733,783,95.48780487804878,2,0.24390243902439024,75,9.146341463414634
2026-02-02T00:00:00.000Z,820,344,148,43,29.054054054054053,0,29,3.5365853658536586,3,0.36585365853658536,783,95.48780487804878,27,3.292682926829268,6,0.7317073170731707,0,0.0,23,2.8048780487804876,263,32.073170731707314,61,7.439024390243903,0,0.0,26,3.1707317073170733,783,95.48780487804878,2,0.24390243902439024,75,9.146341463414634
2026-02-03T00:00:00.000Z,822,344,148,43,29.054054054054053,0,29,3.5279805352798053,3,0.36496350364963503,786,95.62043795620438,27,3.2846715328467155,6,0.7299270072992701,0,0.0,23,2.798053527980535,263,31.995133819951338,61,7.420924574209246,0,0.0,26,3.1630170316301705,786,95.62043795620438,2,0.24330900243309003,75,9.124087591240876
2026-02-04T00:00:00.000Z,819,342,148,43,29.054054054054053,0,29,3.5409035409035408,3,0.3663003663003663,787,96.09279609279609,27,3.2967032967032965,6,0.7326007326007326,0,0.0,23,2.808302808302808,263,32.11233211233211,61,7.448107448107448,0,0.0,26,3.1746031746031744,787,96.09279609279609,2,0.2442002442002442,75,9.157509157509157
2026-02-05T00:00:00.000Z,824,343,148,44,29.72972972972973,0,29,3.5194174757281553,3,0.3640776699029126,793,96.2378640776699,27,3.2766990291262137,6,0.7281553398058253,0,0.0,23,2.79126213592233,264,32.03883495145631,61,7.402912621359223,0,0.0,26,3.1553398058252426,793,96.2378640776699,2,0.24271844660194175,75,9.101941747572816
2026-02-06T00:00:00.000Z,822,341,148,44,29.72972972972973,0,29,3.5279805352798053,3,0.36496350364963503,791,96.22871046228711,27,3.2846715328467155,6,0.7299270072992701,0,0.0,23,2.798053527980535,266,32.360097323600975,63,7.664233576642336,0,0.0,26,3.1630170316301705,791,96.22871046228711,2,0.24330900243309003,77,9.367396593673966
2026-02-07T00:00:00.000Z,812,342,148,44,29.72972972972973,0,29,3.5714285714285716,3,0.3694581280788177,780,96.05911330049261,27,3.3251231527093594,6,0.7389162561576355,0,0.0,23,2.832512315270936,317,39.039408866995075,63,7.758620689655173,0,0.0,26,3.2019704433497536,780,96.05911330049261,2,0.24630541871921183,77,9.482758620689655
2026-02-08T00:00:00.000Z,814,342,148,44,29.72972972972973,0,29,3.5626535626535625,3,0.36855036855036855,782,96.06879606879608,27,3.3169533169533167,6,0.7371007371007371,0,0.0,23,2.8255528255528257,319,39.189189189189186,63,7.73955773955774,0,0.0,26,3.194103194103194,782,96.06879606879608,2,0.2457002457002457,77,9.45945945945946
2026-02-09T00:00:00.000Z,813,342,148,44,29.72972972972973,0,29,3.5670356703567037,3,0.36900369003690037,781,96.06396063960639,27,3.321033210332103,6,0.7380073800738007,0,0.0,23,2.8290282902829027,320,39.36039360393604,64,7.872078720787208,0,0.0,26,3.1980319803198034,781,96.06396063960639,2,0.24600246002460024,78,9.59409594095941
2026-02-10T00:00:00.000Z,808,341,148,44,29.72972972972973,0,29,3.589108910891089,3,0.3712871287128713,775,95.91584158415841,25,3.094059405940594,6,0.7425742574257426,0,0.0,23,2.8465346534653464,320,39.603960396039604,64,7.920792079207921,0,0.0,26,3.217821782178218,775,95.91584158415841,0,0.0,80,9.900990099009901
2026-02-11T00:00:00.000Z,808,341,148,44,29.72972972972973,0,29,3.589108910891089,3,0.3712871287128713,775,95.91584158415841,25,3.094059405940594,6,0.7425742574257426,0,0.0,23,2.8465346534653464,321,39.727722772277225,64,7.920792079207921,0,0.0,26,3.217821782178218,775,95.91584158415841,0,0.0,80,9.900990099009901
2026-02-12T00:00:00.000Z,806,339,148,44,29.72972972972973,0,29,3.598014888337469,3,0.37220843672456577,774,96.02977667493796,25,3.101736972704715,6,0.7444168734491315,0,0.0,23,2.8535980148883375,321,39.826302729528535,64,7.94044665012407,0,0.0,26,3.225806451612903,774,96.02977667493796,0,0.0,80,9.925558312655086
2026-02-13T00:00:00.000Z,801,339,148,44,29.72972972972973,0,29,3.620474406991261,3,0.37453183520599254,767,95.75530586766541,25,3.1210986267166043,6,0.7490636704119851,0,0.0,23,2.871410736579276,305,38.07740324594257,64,7.990012484394507,0,0.0,26,3.2459425717852683,767,95.75530586766541,0,0.0,80,9.987515605493133
2026-02-14T00:00:00.000Z,806,337,148,44,29.72972972972973,0,29,3.598014888337469,3,0.37220843672456577,774,96.02977667493796,25,3.101736972704715,6,0.7444168734491315,0,0.0,23,2.8535980148883375,305,37.84119106699752,64,7.94044665012407,0,0.0,26,3.225806451612903,774,96.02977667493796,0,0.0,80,9.925558312655086
2026-02-15T00:00:00.000Z,809,337,148,44,29.72972972972973,0,29,3.584672435105068,3,0.37082818294190356,777,96.04449938195303,25,3.0902348578491967,6,0.7416563658838071,0,0.0,23,2.8430160692212607,307,37.94808405438813,65,8.034610630407911,0,0.0,26,3.2138442521631645,777,96.04449938195303,0,0.0,80,9.88875154511743
2026-02-16T00:00:00.000Z,813,337,148,44,29.72972972972973,0,29,3.5670356703567037,3,0.36900369003690037,780,95.9409594095941,25,3.075030750307503,6,0.7380073800738007,0,0.0,23,2.8290282902829027,309,38.00738007380074,65,7.995079950799508,0,0.0,26,3.1980319803198034,780,95.9409594095941,0,0.0,80,9.84009840098401
2026-02-17T00:00:00.000Z,810,339,148,44,29.72972972972973,0,29,3.580246913580247,3,0.37037037037037035,777,95.92592592592592,25,3.0864197530864197,6,0.7407407407407407,0,0.0,23,2.8395061728395063,306,37.77777777777778,65,8.024691358024691,0,0.0,26,3.2098765432098766,777,95.92592592592592,0,0.0,80,9.876543209876543
2026-02-18T00:00:00.000Z,815,339,148,44,29.72972972972973,0,29,3.558282208588957,3,0.36809815950920244,782,95.95092024539878,25,3.067484662576687,6,0.7361963190184049,0,0.0,23,2.8220858895705523,310,38.03680981595092,67,8.220858895705522,0,0.0,26,3.1901840490797544,782,95.95092024539878,0,0.0,82,10.061349693251534
2026-02-19T00:00:00.000Z,784,335,148,44,29.72972972972973,0,28,3.5714285714285716,3,0.3826530612244898,751,95.79081632653062,24,3.061224489795918,6,0.7653061224489796,0,0.0,22,2.806122448979592,283,36.0969387755102,67,8.545918367346939,0,0.0,25,3.188775510204082,751,95.79081632653062,0,0.0,83,10.58673469387755
2026-02-20T00:00:00.000Z,785,334,148,44,29.72972972972973,0,30,3.821656050955414,3,0.3821656050955414,753,95.92356687898089,26,3.3121019108280256,6,0.7643312101910829,0,0.0,24,3.0573248407643314,285,36.30573248407644,69,8.789808917197453,0,0.0,27,3.4394904458598727,753,95.92356687898089,0,0.0,83,10.573248407643312
2026-02-21T00:00:00.000Z,781,334,148,44,29.72972972972973,0,30,3.8412291933418694,3,0.38412291933418696,749,95.90268886043533,26,3.329065300896287,6,0.7682458386683739,0,0.0,24,3.0729833546734957,281,35.97951344430218,66,8.450704225352112,0,0.0,27,3.4571062740076823,749,95.90268886043533,0,0.0,80,10.243277848911651
2026-02-22T00:00:00.000Z,780,334,148,44,29.72972972972973,0,30,3.8461538461538463,3,0.38461538461538464,748,95.8974358974359,26,3.3333333333333335,6,0.7692307692307693,0,0.0,24,3.076923076923077,281,36.02564102564103,66,8.461538461538462,0,0.0,27,3.4615384615384617,748,95.8974358974359,0,0.0,80,10.256410256410257
2026-02-23T00:00:00.000Z,780,334,148,44,29.72972972972973,0,30,3.8461538461538463,3,0.38461538461538464,748,95.8974358974359,26,3.3333333333333335,6,0.7692307692307693,0,0.0,24,3.076923076923077,281,36.02564102564103,66,8.461538461538462,0,0.0,27,3.4615384615384617,748,95.8974358974359,0,0.0,80,10.256410256410257
2026-02-24T00:00:00.000Z,781,334,148,44,29.72972972972973,0,30,3.8412291933418694,3,0.38412291933418696,749,95.90268886043533,26,3.329065300896287,6,0.7682458386683739,0,0.0,24,3.0729833546734957,286,36.61971830985915,66,8.450704225352112,0,0.0,27,3.4571062740076823,749,95.90268886043533,0,0.0,80,10.243277848911651
2026-02-25T00:00:00.000Z,787,335,148,44,29.72972972972973,0,30,3.8119440914866582,3,0.3811944091486658,756,96.06099110546378,26,3.3036848792884372,6,0.7623888182973316,0,0.0,24,3.0495552731893265,290,36.84879288437103,67,8.513341804320204,0,0.0,27,3.4307496823379924,756,96.06099110546378,0,0.0,81,10.292249047013977
2026-02-26T00:00:00.000Z,794,340,148,44,29.72972972972973,0,31,3.9042821158690177,3,0.3778337531486146,763,96.09571788413098,27,3.4005037783375314,6,0.7556675062972292,0,0.0,25,3.1486146095717884,292,36.77581863979849,67,8.438287153652393,0,0.0,28,3.526448362720403,763,96.09571788413098,0,0.0,81,10.201511335012594
2026-02-27T00:00:00.000Z,791,341,148,44,29.72972972972973,0,31,3.9190897597977243,3,0.37926675094816686,760,96.08091024020227,27,3.413400758533502,7,0.8849557522123894,0,0.0,25,3.1605562579013906,293,37.041719342604296,67,8.470290771175726,0,0.0,28,3.5398230088495577,760,96.08091024020227,0,0.0,81,10.240202275600506
2026-02-28T00:00:00.000Z,791,340,148,44,29.72972972972973,0,31,3.9190897597977243,3,0.37926675094816686,760,96.08091024020227,27,3.413400758533502,7,0.8849557522123894,0,0.0,25,3.1605562579013906,294,37.16814159292036,67,8.470290771175726,0,0.0,28,3.5398230088495577,760,96.08091024020227,0,0.0,81,10.240202275600506
2026-03-01T00:00:00.000Z,791,340,148,44,29.72972972972973,0,31,3.9190897597977243,3,0.37926675094816686,760,96.08091024020227,27,3.413400758533502,7,0.8849557522123894,0,0.0,25,3.1605562579013906,294,37.16814159292036,67,8.470290771175726,0,0.0,28,3.5398230088495577,760,96.08091024020227,0,0.0,81,10.240202275600506
2026-03-02T00:00:00.000Z,789,339,148,44,29.72972972972973,0,31,3.929024081115336,3,0.38022813688212925,758,96.07097591888467,27,3.4220532319391634,7,0.8871989860583016,0,0.0,25,3.1685678073510775,293,37.135614702154626,67,8.491761723700888,0,0.0,28,3.5487959442332064,758,96.07097591888467,0,0.0,81,10.26615969581749
2026-03-03T00:00:00.000Z,795,339,148,44,29.72972972972973,0,31,3.89937106918239,3,0.37735849056603776,764,96.1006289308176,27,3.3962264150943398,7,0.8805031446540881,0,0.0,25,3.1446540880503147,306,38.490566037735846,67,8.427672955974844,0,0.0,28,3.5220125786163523,764,96.1006289308176,0,0.0,81,10.18867924528302
2026-03-04T00:00:00.000Z,800,340,148,44,29.72972972972973,0,33,4.125,3,0.375,770,96.25,29,3.625,7,0.875,0,0.0,27,3.375,315,39.375,69,8.625,0,0.0,30,3.75,770,96.25,0,0.0,82,10.25
2026-03-05T00:00:00.000Z,800,340,148,44,29.72972972972973,0,33,4.125,3,0.375,770,96.25,29,3.625,8,1.0,0,0.0,27,3.375,315,39.375,69,8.625,0,0.0,30,3.75,770,96.25,0,0.0,82,10.25
2026-03-06T00:00:00.000Z,798,343,148,44,29.72972972972973,0,33,4.135338345864661,3,0.37593984962406013,768,96.2406015037594,29,3.6340852130325816,8,1.0025062656641603,0,0.0,27,3.3834586466165413,315,39.473684210526315,69,8.646616541353383,0,0.0,30,3.7593984962406015,768,96.2406015037594,0,0.0,84,10.526315789473685
2026-03-07T00:00:00.000Z,784,343,148,44,29.72972972972973,0,33,4.209183673469388,3,0.3826530612244898,755,96.30102040816327,29,3.6989795918367347,8,1.0204081632653061,0,0.0,27,3.443877551020408,316,40.30612244897959,69,8.801020408163266,0,0.0,30,3.826530612244898,755,96.30102040816327,0,0.0,84,10.714285714285714
2026-03-08T00:00:00.000Z,788,343,148,44,29.72972972972973,0,33,4.187817258883249,3,0.38071065989847713,759,96.31979695431473,29,3.6802030456852792,8,1.015228426395939,0,0.0,27,3.4263959390862944,316,40.101522842639596,69,8.756345177664974,0,0.0,30,3.8071065989847717,759,96.31979695431473,0,0.0,84,10.65989847715736
2026-03-09T00:00:00.000Z,788,343,148,44,29.72972972972973,0,33,4.187817258883249,3,0.38071065989847713,759,96.31979695431473,29,3.6802030456852792,8,1.015228426395939,0,0.0,27,3.4263959390862944,316,40.101522842639596,69,8.756345177664974,0,0.0,30,3.8071065989847717,759,96.31979695431473,0,0.0,84,10.65989847715736
2026-03-10T00:00:00.000Z,788,343,148,44,29.72972972972973,0,33,4.187817258883249,3,0.38071065989847713,759,96.31979695431473,29,3.6802030456852792,8,1.015228426395939,0,0.0,27,3.4263959390862944,316,40.101522842639596,69,8.756345177664974,0,0.0,30,3.8071065989847717,759,96.31979695431473,0,0.0,84,10.65989847715736
2026-03-11T00:00:00.000Z,767,336,148,44,29.72972972972973,0,32,4.172099087353325,3,0.39113428943937417,738,96.21903520208605,28,3.650586701434159,8,1.0430247718383312,0,0.0,26,3.389830508474576,307,40.02607561929596,68,8.865710560625814,0,0.0,29,3.7809647979139505,738,96.21903520208605,0,0.0,84,10.951760104302478
2026-03-12T00:00:00.000Z,767,339,148,44,29.72972972972973,0,32,4.172099087353325,3,0.39113428943937417,737,96.08865710560626,28,3.650586701434159,8,1.0430247718383312,0,0.0,26,3.389830508474576,304,39.63494132985658,68,8.865710560625814,0,0.0,29,3.7809647979139505,737,96.08865710560626,0,0.0,84,10.951760104302478
2026-03-13T00:00:00.000Z,769,341,148,44,29.72972972972973,0,32,4.161248374512354,3,0.39011703511053314,739,96.09882964889466,28,3.6410923276983094,8,1.0403120936280885,0,0.0,26,3.3810143042912872,307,39.92197659297789,69,8.972691807542263,0,0.0,29,3.7711313394018204,739,96.09882964889466,0,0.0,87,11.31339401820546
2026-03-14T00:00:00.000Z,769,341,148,44,29.72972972972973,0,32,4.161248374512354,3,0.39011703511053314,739,96.09882964889466,28,3.6410923276983094,8,1.0403120936280885,0,0.0,26,3.3810143042912872,305,39.66189856957087,69,8.972691807542263,0,0.0,29,3.7711313394018204,739,96.09882964889466,0,0.0,87,11.31339401820546
2026-03-15T00:00:00.000Z,769,341,148,44,29.72972972972973,0,32,4.161248374512354,3,0.39011703511053314,739,96.09882964889466,28,3.6410923276983094,8,1.0403120936280885,0,0.0,26,3.3810143042912872,305,39.66189856957087,69,8.972691807542263,0,0.0,29,3.7711313394018204,739,96.09882964889466,0,0.0,87,11.31339401820546
2026-03-16T00:00:00.000Z,771,343,148,44,29.72972972972973,0,32,4.150453955901427,3,0.38910505836575876,740,95.9792477302205,28,3.6316472114137484,8,1.0376134889753568,0,0.0,26,3.372243839169909,306,39.688715953307394,69,8.949416342412452,0,0.0,29,3.761348897535668,740,95.9792477302205,0,0.0,87,11.284046692607005
2026-03-17T00:00:00.000Z,769,342,148,44,29.72972972972973,0,32,4.161248374512354,3,0.39011703511053314,738,95.96879063719116,28,3.6410923276983094,8,1.0403120936280885,0,0.0,26,3.3810143042912872,307,39.92197659297789,69,8.972691807542263,0,0.0,29,3.7711313394018204,738,95.96879063719116,0,0.0,88,11.443433029908972
2026-03-18T00:00:00.000Z,771,345,148,51,34.45945945945946,0,32,4.150453955901427,3,0.38910505836575876,740,95.9792477302205,28,3.6316472114137484,8,1.0376134889753568,0,0.0,26,3.372243839169909,332,43.060959792477306,69,8.949416342412452,0,0.0,29,3.761348897535668,740,95.9792477302205,0,0.0,93,12.062256809338521
2026-03-19T00:00:00.000Z,768,347,148,51,34.45945945945946,0,32,4.166666666666667,3,0.390625,739,96.22395833333333,28,3.6458333333333335,8,1.0416666666666667,0,0.0,26,3.3854166666666665,329,42.838541666666664,69,8.984375,0,0.0,29,3.7760416666666665,739,96.22395833333333,0,0.0,93,12.109375
2026-03-20T00:00:00.000Z,771,347,148,51,34.45945945945946,0,32,4.150453955901427,3,0.38910505836575876,744,96.49805447470817,28,3.6316472114137484,8,1.0376134889753568,0,0.0,26,3.372243839169909,337,43.7094682230869,71,9.20881971465629,0,0.0,29,3.761348897535668,744,96.49805447470817,0,0.0,95,12.321660181582361
2026-03-21T00:00:00.000Z,774,347,148,51,34.45945945945946,0,32,4.134366925064599,3,0.3875968992248062,747,96.51162790697674,28,3.6175710594315245,8,1.0335917312661498,0,0.0,26,3.359173126614987,339,43.798449612403104,71,9.17312661498708,0,0.0,29,3.746770025839793,747,96.51162790697674,0,0.0,95,12.27390180878553
2026-03-22T00:00:00.000Z,784,349,148,51,34.45945945945946,0,32,4.081632653061225,3,0.3826530612244898,757,96.5561224489796,28,3.5714285714285716,8,1.0204081632653061,0,0.0,26,3.316326530612245,343,43.75,71,9.056122448979592,0,0.0,29,3.6989795918367347,757,96.5561224489796,0,0.0,95,12.11734693877551
2026-03-23T00:00:00.000Z,784,349,148,51,34.45945945945946,0,32,4.081632653061225,3,0.3826530612244898,757,96.5561224489796,28,3.5714285714285716,8,1.0204081632653061,0,0.0,26,3.316326530612245,343,43.75,71,9.056122448979592,0,0.0,29,3.6989795918367347,757,96.5561224489796,0,0.0,95,12.11734693877551
2026-03-24T00:00:00.000Z,785,346,148,51,34.45945945945946,0,32,4.076433121019108,3,0.3821656050955414,758,96.56050955414013,28,3.56687898089172,8,1.019108280254777,0,0.0,26,3.3121019108280256,345,43.94904458598726,71,9.044585987261147,0,0.0,29,3.694267515923567,758,96.56050955414013,0,0.0,95,12.101910828025478
2026-03-25T00:00:00.000Z,775,343,148,51,34.45945945945946,0,32,4.129032258064516,3,0.3870967741935484,748,96.51612903225806,28,3.6129032258064515,8,1.032258064516129,0,0.0,26,3.3548387096774195,346,44.645161290322584,71,9.161290322580646,0,0.0,29,3.7419354838709675,748,96.51612903225806,0,0.0,95,12.258064516129032
2026-03-26T00:00:00.000Z,774,344,148,51,34.45945945945946,0,32,4.134366925064599,3,0.3875968992248062,747,96.51162790697674,28,3.6175710594315245,8,1.0335917312661498,0,0.0,26,3.359173126614987,348,44.96124031007752,71,9.17312661498708,0,0.0,29,3.746770025839793,747,96.51162790697674,0,0.0,95,12.27390180878553
2026-03-27T00:00:00.000Z,772,343,148,51,34.45945945945946,0,31,4.015544041450777,3,0.38860103626943004,745,96.50259067357513,27,3.4974093264248705,8,1.0362694300518134,0,0.0,25,3.238341968911917,346,44.818652849740936,70,9.067357512953368,0,0.0,28,3.626943005181347,745,96.50259067357513,0,0.0,95,12.305699481865284
2026-03-28T00:00:00.000Z,773,343,148,51,34.45945945945946,0,31,4.010349288486417,3,0.38809831824062097,746,96.50711513583441,27,3.4928848641655885,8,1.034928848641656,0,0.0,25,3.2341526520051747,347,44.89003880983182,70,9.055627425614489,0,0.0,28,3.6222509702457955,746,96.50711513583441,0,0.0,95,12.289780077619664
2026-03-29T00:00:00.000Z,775,344,148,51,34.45945945945946,0,31,4.0,3,0.3870967741935484,748,96.51612903225806,27,3.4838709677419355,8,1.032258064516129,0,0.0,25,3.225806451612903,349,45.03225806451613,70,9.03225806451613,0,0.0,28,3.6129032258064515,748,96.51612903225806,0,0.0,95,12.258064516129032
2026-03-30T00:00:00.000Z,771,342,148,51,34.45945945945946,0,31,4.020752269779507,3,0.38910505836575876,746,96.75745784695201,27,3.501945525291829,8,1.0376134889753568,0,0.0,25,3.2425421530479897,347,45.0064850843061,70,9.07911802853437,0,0.0,28,3.6316472114137484,746,96.75745784695201,0,0.0,95,12.321660181582361
2026-03-31T00:00:00.000Z,772,343,148,51,34.45945945945946,0,31,4.015544041450777,3,0.38860103626943004,746,96.6321243523316,27,3.4974093264248705,8,1.0362694300518134,0,0.0,25,3.238341968911917,347,44.94818652849741,70,9.067357512953368,0,0.0,28,3.626943005181347,746,96.6321243523316,0,0.0,95,12.305699481865284
2026-04-01T00:00:00.000Z,769,343,148,51,34.45945945945946,0,31,4.031209362808843,3,0.39011703511053314,744,96.74902470741222,27,3.5110533159947983,8,1.0403120936280885,0,0.0,25,3.250975292587776,344,44.7334200260078,70,9.102730819245775,0,0.0,28,3.6410923276983094,744,96.74902470741222,0,0.0,97,12.613784135240572
2026-04-02T00:00:00.000Z,772,345,148,51,34.45945945945946,0,30,3.8860103626943006,3,0.38860103626943004,747,96.76165803108809,26,3.3678756476683938,8,1.0362694300518134,0,0.0,24,3.1088082901554404,353,45.72538860103627,69,8.937823834196891,0,0.0,27,3.4974093264248705,747,96.76165803108809,0,0.0,97,12.564766839378239
2026-04-03T00:00:00.000Z,774,347,148,51,34.45945945945946,0,30,3.875968992248062,3,0.3875968992248062,748,96.64082687338501,26,3.359173126614987,8,1.0335917312661498,0,0.0,24,3.10077519379845,353,45.60723514211886,69,8.914728682170542,0,0.0,27,3.488372093023256,748,96.64082687338501,0,0.0,97,12.532299741602067
2026-04-04T00:00:00.000Z,779,345,148,51,34.45945945945946,0,30,3.851091142490372,3,0.3851091142490372,754,96.79075738125802,26,3.337612323491656,8,1.0269576379974326,0,0.0,24,3.0808729139922977,356,45.69961489088575,70,8.985879332477536,0,0.0,27,3.465982028241335,754,96.79075738125802,0,0.0,98,12.58023106546855
2026-04-05T00:00:00.000Z,778,345,148,51,34.45945945945946,0,30,3.8560411311053984,3,0.3856041131105398,753,96.7866323907455,26,3.341902313624679,8,1.0282776349614395,0,0.0,24,3.0848329048843186,356,45.75835475578406,70,8.997429305912597,0,0.0,27,3.4704370179948585,753,96.7866323907455,0,0.0,98,12.596401028277635
2026-04-06T00:00:00.000Z,778,344,148,51,34.45945945945946,0,30,3.8560411311053984,3,0.3856041131105398,753,96.7866323907455,26,3.341902313624679,8,1.0282776349614395,0,0.0,24,3.0848329048843186,356,45.75835475578406,69,8.868894601542417,0,0.0,27,3.4704370179948585,753,96.7866323907455,0,0.0,98,12.596401028277635
2026-04-07T00:00:00.000Z,773,343,148,51,34.45945945945946,0,30,3.8809831824062098,3,0.38809831824062097,748,96.76584734799482,26,3.3635187580853816,8,1.034928848641656,0,0.0,24,3.1047865459249677,355,45.92496765847348,69,8.926261319534282,0,0.0,27,3.4928848641655885,748,96.76584734799482,0,0.0,98,12.677878395860285
2026-04-08T00:00:00.000Z,786,347,148,51,34.45945945945946,0,30,3.816793893129771,3,0.3816793893129771,759,96.56488549618321,26,3.3078880407124682,8,1.0178117048346056,0,0.0,24,3.053435114503817,365,46.43765903307888,70,8.9058524173028,0,0.0,27,3.435114503816794,759,96.56488549618321,0,0.0,99,12.595419847328245
2026-04-09T00:00:00.000Z,787,347,148,51,34.45945945945946,0,30,3.8119440914866582,3,0.3811944091486658,761,96.69631512071156,26,3.3036848792884372,8,1.0165184243964422,0,0.0,24,3.0495552731893265,363,46.12452350698857,70,8.89453621346887,0,0.0,27,3.4307496823379924,761,96.69631512071156,0,0.0,99,12.579415501905972
2026-04-10T00:00:00.000Z,783,346,148,51,34.45945945945946,0,30,3.8314176245210727,3,0.3831417624521073,758,96.80715197956577,26,3.3205619412515963,8,1.0217113665389528,0,0.0,24,3.0651340996168583,361,46.10472541507024,70,8.939974457215836,0,0.0,27,3.4482758620689653,758,96.80715197956577,0,0.0,99,12.64367816091954
2026-04-11T00:00:00.000Z,782,345,148,51,34.45945945945946,0,30,3.836317135549872,3,0.3836317135549872,758,96.9309462915601,26,3.3248081841432224,8,1.0230179028132993,0,0.0,24,3.0690537084398977,361,46.16368286445013,70,8.951406649616368,0,0.0,27,3.452685421994885,758,96.9309462915601,0,0.0,99,12.659846547314578
2026-04-12T00:00:00.000Z,775,345,148,51,34.45945945945946,0,30,3.870967741935484,3,0.3870967741935484,751,96.90322580645162,26,3.3548387096774195,8,1.032258064516129,0,0.0,24,3.096774193548387,360,46.45161290322581,70,9.03225806451613,0,0.0,27,3.4838709677419355,751,96.90322580645162,0,0.0,99,12.774193548387096
2026-04-13T00:00:00.000Z,770,344,148,51,34.45945945945946,0,30,3.896103896103896,3,0.38961038961038963,746,96.88311688311688,26,3.3766233766233764,8,1.0389610389610389,0,0.0,24,3.116883116883117,356,46.23376623376623,70,9.090909090909092,0,0.0,27,3.5064935064935066,746,96.88311688311688,0,0.0,99,12.857142857142858
2026-04-14T00:00:00.000Z,775,345,148,58,39.189189189189186,0,30,3.870967741935484,3,0.3870967741935484,750,96.7741935483871,26,3.3548387096774195,8,1.032258064516129,0,0.0,24,3.096774193548387,385,49.67741935483871,70,9.03225806451613,0,0.0,27,3.4838709677419355,750,96.7741935483871,0,0.0,99,12.774193548387096
2026-04-15T00:00:00.000Z,761,341,148,58,39.189189189189186,0,30,3.942181340341656,3,0.39421813403416556,736,96.71484888304862,26,3.416557161629435,8,1.0512483574244416,0,0.0,24,3.1537450722733245,387,50.85413929040736,73,9.592641261498029,0,0.0,27,3.54796320630749,736,96.71484888304862,0,0.0,102,13.403416557161629
2026-04-16T00:00:00.000Z,758,340,148,58,39.189189189189186,0,30,3.9577836411609497,3,0.39577836411609496,732,96.56992084432717,26,3.430079155672823,8,1.0554089709762533,0,0.0,24,3.1662269129287597,385,50.79155672823219,73,9.630606860158311,0,0.0,27,3.5620052770448547,732,96.56992084432717,0,0.0,102,13.45646437994723
2026-04-17T00:00:00.000Z,769,340,148,58,39.189189189189186,0,30,3.9011703511053315,3,0.39011703511053314,743,96.61898569570872,26,3.3810143042912872,8,1.0403120936280885,0,0.0,24,3.120936280884265,391,50.84525357607282,86,11.18335500650195,0,0.0,27,3.5110533159947983,743,96.61898569570872,0,0.0,105,13.65409622886866
2026-04-18T00:00:00.000Z,772,339,148,58,39.189189189189186,0,30,3.8860103626943006,3,0.38860103626943004,746,96.6321243523316,26,3.3678756476683938,8,1.0362694300518134,0,0.0,24,3.1088082901554404,392,50.77720207253886,87,11.26943005181347,0,0.0,27,3.4974093264248705,746,96.6321243523316,0,0.0,106,13.73056994818653
2026-04-19T00:00:00.000Z,764,337,148,58,39.189189189189186,0,30,3.926701570680628,3,0.39267015706806285,739,96.72774869109948,26,3.4031413612565444,8,1.0471204188481675,0,0.0,24,3.141361256544503,387,50.654450261780106,87,11.387434554973822,0,0.0,27,3.5340314136125652,739,96.72774869109948,0,0.0,106,13.87434554973822
2026-04-20T00:00:00.000Z,764,337,148,58,39.189189189189186,0,30,3.926701570680628,3,0.39267015706806285,739,96.72774869109948,26,3.4031413612565444,8,1.0471204188481675,0,0.0,24,3.141361256544503,388,50.78534031413613,87,11.387434554973822,0,0.0,27,3.5340314136125652,739,96.72774869109948,0,0.0,106,13.87434554973822
2026-04-21T00:00:00.000Z,767,338,148,58,39.189189189189186,0,30,3.911342894393742,3,0.39113428943937417,741,96.61016949152543,26,3.389830508474576,8,1.0430247718383312,0,0.0,24,3.1290743155149934,391,50.97783572359844,86,11.21251629726206,0,0.0,27,3.5202086049543677,741,96.61016949152543,0,0.0,106,13.820078226857888
2026-04-22T00:00:00.000Z,775,339,148,58,39.189189189189186,0,30,3.870967741935484,3,0.3870967741935484,750,96.7741935483871,26,3.3548387096774195,9,1.1612903225806452,0,0.0,24,3.096774193548387,397,51.225806451612904,86,11.096774193548388,0,0.0,27,3.4838709677419355,750,96.7741935483871,0,0.0,135,17.419354838709676
2026-04-23T00:00:00.000Z,782,342,148,58,39.189189189189186,0,30,3.836317135549872,3,0.3836317135549872,757,96.80306905370844,26,3.3248081841432224,9,1.1508951406649617,0,0.0,24,3.0690537084398977,397,50.767263427109974,86,10.997442455242966,0,0.0,27,3.452685421994885,757,96.80306905370844,0,0.0,135,17.263427109974426
2026-04-24T00:00:00.000Z,788,344,148,58,39.189189189189186,0,30,3.8071065989847717,3,0.38071065989847713,761,96.57360406091371,26,3.299492385786802,9,1.1421319796954315,0,0.0,24,3.045685279187817,401,50.888324873096444,86,10.913705583756345,0,0.0,27,3.4263959390862944,761,96.57360406091371,0,0.0,135,17.131979695431472
2026-04-25T00:00:00.000Z,792,348,148,58,39.189189189189186,0,30,3.787878787878788,3,0.3787878787878788,765,96.5909090909091,26,3.282828282828283,9,1.1363636363636365,0,0.0,24,3.0303030303030303,406,51.26262626262626,86,10.858585858585858,0,0.0,27,3.409090909090909,765,96.5909090909091,0,0.0,137,17.2979797979798
2026-04-26T00:00:00.000Z,796,348,148,58,39.189189189189186,0,30,3.7688442211055277,3,0.3768844221105528,769,96.60804020100502,26,3.2663316582914574,9,1.1306532663316582,0,0.0,24,3.0150753768844223,410,51.50753768844221,86,10.804020100502512,0,0.0,27,3.391959798994975,769,96.60804020100502,0,0.0,137,17.21105527638191
2026-04-27T00:00:00.000Z,797,348,148,58,39.189189189189186,0,30,3.764115432873275,3,0.37641154328732745,770,96.61229611041405,26,3.262233375156838,9,1.1292346298619824,0,0.0,24,3.0112923462986196,411,51.568381430363864,86,10.790464240903388,0,0.0,27,3.3877038895859473,770,96.61229611041405,0,0.0,137,17.189460476787954
2026-04-28T00:00:00.000Z,809,353,148,58,39.189189189189186,0,30,3.708281829419036,3,0.37082818294190356,782,96.66254635352287,26,3.2138442521631645,9,1.1124845488257107,0,0.0,24,2.9666254635352285,414,51.17428924598269,88,10.877626699629172,0,0.0,27,3.3374536464771323,782,96.66254635352287,0,0.0,138,17.058096415327565
2026-04-29T00:00:00.000Z,840,357,148,58,39.189189189189186,0,33,3.9285714285714284,3,0.35714285714285715,810,96.42857142857143,29,3.4523809523809526,9,1.0714285714285714,0,0.0,27,3.2142857142857144,433,51.54761904761905,98,11.666666666666666,0,0.0,30,3.5714285714285716,810,96.42857142857143,0,0.0,148,17.61904761904762
2026-04-30T00:00:00.000Z,842,355,148,58,39.189189189189186,0,33,3.9192399049881237,3,0.35629453681710216,813,96.55581947743468,29,3.4441805225653206,9,1.0688836104513064,0,0.0,27,3.2066508313539193,437,51.90023752969121,98,11.63895486935867,0,0.0,30,3.5629453681710213,813,96.55581947743468,0,0.0,148,17.577197149643705
2026-05-01T00:00:00.000Z,845,357,148,58,39.189189189189186,0,33,3.905325443786982,3,0.35502958579881655,815,96.44970414201184,29,3.4319526627218937,9,1.0650887573964498,0,0.0,27,3.195266272189349,438,51.83431952662722,98,11.597633136094675,0,0.0,30,3.5502958579881656,815,96.44970414201184,0,0.0,149,17.633136094674555
2026-05-02T00:00:00.000Z,842,357,148,58,39.189189189189186,0,33,3.9192399049881237,3,0.35629453681710216,812,96.43705463182899,29,3.4441805225653206,9,1.0688836104513064,0,0.0,27,3.2066508313539193,438,52.019002375296914,98,11.63895486935867,0,0.0,30,3.5629453681710213,812,96.43705463182899,0,0.0,149,17.695961995249405
2026-05-03T00:00:00.000Z,843,357,148,58,39.189189189189186,0,33,3.9145907473309607,3,0.35587188612099646,813,96.44128113879003,29,3.4400948991696323,9,1.0676156583629892,0,0.0,27,3.202846975088968,438,51.95729537366548,98,11.625148279952551,0,0.0,30,3.5587188612099645,813,96.44128113879003,0,0.0,149,17.67497034400949
2026-05-04T00:00:00.000Z,843,357,148,58,39.189189189189186,0,33,3.9145907473309607,3,0.35587188612099646,813,96.44128113879003,29,3.4400948991696323,9,1.0676156583629892,0,0.0,27,3.202846975088968,438,51.95729537366548,98,11.625148279952551,0,0.0,30,3.5587188612099645,813,96.44128113879003,0,0.0,149,17.67497034400949
2026-05-05T00:00:00.000Z,845,358,148,58,39.189189189189186,0,33,3.905325443786982,3,0.35502958579881655,815,96.44970414201184,29,3.4319526627218937,9,1.0650887573964498,0,0.0,27,3.195266272189349,439,51.95266272189349,98,11.597633136094675,0,0.0,30,3.5502958579881656,815,96.44970414201184,0,0.0,149,17.633136094674555
2026-05-06T00:00:00.000Z,841,355,148,58,39.189189189189186,0,33,3.9239001189060643,3,0.356718192627824,816,97.02734839476814,29,3.4482758620689653,9,1.070154577883472,0,0.0,27,3.2104637336504163,440,52.318668252080855,97,11.533888228299643,0,0.0,30,3.56718192627824,816,97.02734839476814,0,0.0,149,17.717003567181926
2026-05-07T00:00:00.000Z,850,356,148,58,39.189189189189186,0,33,3.8823529411764706,3,0.35294117647058826,824,96.94117647058823,29,3.411764705882353,9,1.0588235294117647,0,0.0,27,3.176470588235294,443,52.11764705882353,97,11.411764705882353,0,0.0,30,3.5294117647058822,824,96.94117647058823,0,0.0,149,17.529411764705884
2026-05-08T00:00:00.000Z,851,355,148,58,39.189189189189186,0,35,4.112808460634548,3,0.3525264394829612,826,97.06227967097533,31,3.6427732079905994,9,1.0575793184488838,0,0.0,29,3.407755581668625,446,52.408930669800235,99,11.63337250293772,0,0.0,32,3.7602820211515864,826,97.06227967097533,0,0.0,151,17.743830787309047
2026-05-09T00:00:00.000Z,844,353,148,58,39.189189189189186,0,35,4.1469194312796205,3,0.35545023696682465,819,97.03791469194313,31,3.6729857819905214,9,1.066350710900474,0,0.0,29,3.4360189573459716,442,52.3696682464455,99,11.729857819905213,0,0.0,32,3.7914691943127963,819,97.03791469194313,0,0.0,151,17.89099526066351
2026-05-10T00:00:00.000Z,846,353,148,58,39.189189189189186,0,35,4.137115839243499,3,0.3546099290780142,821,97.04491725768321,31,3.6643026004728134,9,1.0638297872340425,0,0.0,29,3.4278959810874703,444,52.4822695035461,99,11.702127659574469,0,0.0,32,3.7825059101654848,821,97.04491725768321,0,0.0,151,17.84869976359338
2026-05-11T00:00:00.000Z,845,353,148,58,39.189189189189186,0,35,4.1420118343195265,3,0.35502958579881655,820,97.0414201183432,31,3.668639053254438,9,1.0650887573964498,0,0.0,29,3.4319526627218937,444,52.544378698224854,99,11.715976331360947,0,0.0,32,3.78698224852071,820,97.0414201183432,0,0.0,151,17.869822485207102
2026-05-12T00:00:00.000Z,845,351,148,58,39.189189189189186,0,35,4.1420118343195265,3,0.35502958579881655,819,96.92307692307692,31,3.668639053254438,9,1.0650887573964498,0,0.0,29,3.4319526627218937,444,52.544378698224854,96,11.36094674556213,0,0.0,32,3.78698224852071,819,96.92307692307692,0,0.0,148,17.514792899408285
2026-05-13T00:00:00.000Z,847,353,148,58,39.189189189189186,0,35,4.132231404958677,3,0.3541912632821724,821,96.93034238488784,31,3.6599763872491144,9,1.062573789846517,0,0.0,29,3.423848878394333,444,52.42030696576151,97,11.452184179456907,0,0.0,32,3.7780401416765055,821,96.93034238488784,0,0.0,149,17.591499409681226
2026-05-14T00:00:00.000Z,847,350,148,58,39.189189189189186,0,35,4.132231404958677,3,0.3541912632821724,820,96.81227863046045,31,3.6599763872491144,9,1.062573789846517,0,0.0,29,3.423848878394333,443,52.30224321133412,97,11.452184179456907,0,0.0,32,3.7780401416765055,820,96.81227863046045,0,0.0,149,17.591499409681226
2026-05-15T00:00:00.000Z,840,350,148,58,39.189189189189186,0,35,4.166666666666667,3,0.35714285714285715,814,96.9047619047619,31,3.6904761904761907,9,1.0714285714285714,0,0.0,29,3.4523809523809526,446,53.095238095238095,97,11.547619047619047,0,0.0,32,3.8095238095238093,814,96.9047619047619,0,0.0,149,17.738095238095237
2026-05-16T00:00:00.000Z,827,342,148,58,39.189189189189186,0,35,4.2321644498186215,3,0.36275695284159615,802,96.9770253929867,31,3.7484885126964933,9,1.0882708585247884,0,0.0,29,3.506650544135429,435,52.59975816203144,97,11.729141475211609,0,0.0,32,3.8694074969770256,802,96.9770253929867,0,0.0,137,16.56590084643289
2026-05-17T00:00:00.000Z,821,342,148,58,39.189189189189186,0,35,4.263093788063338,3,0.3654080389768575,796,96.95493300852618,31,3.7758830694275276,9,1.0962241169305724,0,0.0,29,3.5322777101096223,436,53.10596833130329,97,11.814859926918393,0,0.0,32,3.89768574908648,796,96.95493300852618,0,0.0,137,16.68696711327649
2026-05-18T00:00:00.000Z,825,342,148,58,39.189189189189186,0,35,4.242424242424242,3,0.36363636363636365,800,96.96969696969697,31,3.757575757575758,9,1.0909090909090908,0,0.0,29,3.515151515151515,435,52.72727272727273,97,11.757575757575758,0,0.0,32,3.878787878787879,800,96.96969696969697,0,0.0,137,16.606060606060606
2026-05-19T00:00:00.000Z,829,342,148,58,39.189189189189186,0,35,4.2219541616405305,3,0.3618817852834741,804,96.98431845597105,31,3.7394451145958985,9,1.0856453558504222,0,0.0,29,3.4981905910735827,437,52.71411338962606,97,11.700844390832328,0,0.0,32,3.860072376357057,804,96.98431845597105,0,0.0,137,16.52593486127865
2026-05-20T00:00:00.000Z,835,343,148,58,39.189189189189186,0,37,4.431137724550898,3,0.3592814371257485,809,96.88622754491018,33,3.9520958083832336,9,1.0778443113772456,0,0.0,31,3.712574850299401,440,52.69461077844311,99,11.8562874251497,0,0.0,34,4.07185628742515,809,96.88622754491018,0,0.0,139,16.646706586826348
2026-05-21T00:00:00.000Z,835,344,148,58,39.189189189189186,0,37,4.431137724550898,3,0.3592814371257485,809,96.88622754491018,33,3.9520958083832336,9,1.0778443113772456,0,0.0,31,3.712574850299401,440,52.69461077844311,99,11.8562874251497,0,0.0,34,4.07185628742515,809,96.88622754491018,0,0.0,169,20.239520958083833
2026-05-22T00:00:00.000Z,842,344,148,58,39.189189189189186,0,37,4.394299287410926,3,0.35629453681710216,817,97.03087885985748,33,3.9192399049881237,9,1.0688836104513064,0,0.0,31,3.681710213776722,446,52.96912114014252,100,11.876484560570072,0,0.0,34,4.038004750593824,817,97.03087885985748,0,0.0,169,20.071258907363422
2026-05-23T00:00:00.000Z,851,344,148,58,39.189189189189186,0,37,4.3478260869565215,3,0.3525264394829612,826,97.06227967097533,33,3.8777908343125733,9,1.0575793184488838,0,0.0,31,3.6427732079905994,446,52.408930669800235,100,11.750881316098708,0,0.0,34,3.9952996474735607,826,97.06227967097533,0,0.0,169,19.858989424206815
2026-05-24T00:00:00.000Z,851,344,148,58,39.189189189189186,0,37,4.3478260869565215,3,0.3525264394829612,826,97.06227967097533,33,3.8777908343125733,9,1.0575793184488838,0,0.0,31,3.6427732079905994,446,52.408930669800235,100,11.750881316098708,0,0.0,34,3.9952996474735607,826,97.06227967097533,0,0.0,169,19.858989424206815
2026-05-25T00:00:00.000Z,849,344,148,58,39.189189189189186,0,37,4.358068315665489,3,0.35335689045936397,824,97.05535924617196,33,3.8869257950530036,9,1.0600706713780919,0,0.0,31,3.651354534746761,444,52.29681978798587,100,11.778563015312132,0,0.0,34,4.004711425206125,824,97.05535924617196,0,0.0,169,19.905771495877502
2026-05-26T00:00:00.000Z,855,343,148,58,39.189189189189186,0,37,4.3274853801169595,3,0.3508771929824561,830,97.07602339181287,33,3.8596491228070176,9,1.0526315789473684,0,0.0,31,3.625730994152047,445,52.046783625730995,100,11.695906432748538,0,0.0,34,3.9766081871345027,830,97.07602339181287,0,0.0,169,19.76608187134503
2026-05-27T00:00:00.000Z,853,342,148,58,39.189189189189186,0,37,4.337631887456038,3,0.3516998827667057,829,97.18640093786635,33,3.868698710433763,9,1.0550996483001172,0,0.0,31,3.634232121922626,445,52.16881594372802,97,11.371629542790153,0,0.0,34,3.9859320046893316,829,97.18640093786635,0,0.0,169,19.812426729191092
2026-05-28T00:00:00.000Z,854,342,148,58,39.189189189189186,0,37,4.332552693208431,3,0.351288056206089,829,97.07259953161592,33,3.8641686182669788,9,1.053864168618267,0,0.0,31,3.629976580796253,444,51.99063231850117,97,11.358313817330211,0,0.0,34,3.981264637002342,829,97.07259953161592,0,0.0,169,19.789227166276348
2026-05-29T00:00:00.000Z,861,343,148,58,39.189189189189186,0,37,4.29732868757259,3,0.34843205574912894,836,97.09639953542393,33,3.832752613240418,9,1.0452961672473868,0,0.0,31,3.6004645760743323,453,52.613240418118465,104,12.07897793263647,0,0.0,34,3.948896631823461,836,97.09639953542393,0,0.0,176,20.441347270615562
2026-05-30T00:00:00.000Z,864,342,148,58,39.189189189189186,0,36,4.166666666666667,2,0.23148148148148148,838,96.99074074074075,33,3.8194444444444446,9,1.0416666666666667,0,0.0,31,3.587962962962963,453,52.43055555555556,104,12.037037037037036,0,0.0,34,3.935185185185185,838,96.99074074074075,0,0.0,176,20.37037037037037
2026-05-31T00:00:00.000Z,862,340,148,58,39.189189189189186,0,36,4.176334106728539,2,0.23201856148491878,836,96.98375870069606,33,3.82830626450116,9,1.0440835266821347,0,0.0,31,3.5962877030162415,453,52.55220417633411,105,12.180974477958237,0,0.0,34,3.9443155452436196,836,96.98375870069606,0,0.0,177,20.533642691415313
2026-06-01T00:00:00.000Z,845,330,148,58,39.189189189189186,0,36,4.260355029585799,2,0.23668639053254437,822,97.27810650887574,33,3.905325443786982,9,1.0650887573964498,0,0.0,31,3.668639053254438,444,52.544378698224854,104,12.307692307692308,0,0.0,34,4.023668639053255,822,97.27810650887574,0,0.0,176,20.828402366863905
2026-06-02T00:00:00.000Z,845,329,148,58,39.189189189189186,0,32,3.78698224852071,2,0.23668639053254437,822,97.27810650887574,29,3.4319526627218937,9,1.0650887573964498,0,0.0,29,3.4319526627218937,444,52.544378698224854,102,12.071005917159763,0,0.0,30,3.5502958579881656,822,97.27810650887574,0,0.0,172,20.355029585798817
2026-06-03T00:00:00.000Z,845,328,148,58,39.189189189189186,0,32,3.78698224852071,2,0.23668639053254437,822,97.27810650887574,29,3.4319526627218937,9,1.0650887573964498,0,0.0,29,3.4319526627218937,446,52.781065088757394,101,11.95266272189349,0,0.0,30,3.5502958579881656,822,97.27810650887574,0,0.0,172,20.355029585798817
2026-06-04T00:00:00.000Z,845,329,148,58,39.189189189189186,0,32,3.78698224852071,2,0.23668639053254437,822,97.27810650887574,29,3.4319526627218937,9,1.0650887573964498,0,0.0,29,3.4319526627218937,447,52.89940828402367,102,12.071005917159763,0,0.0,30,3.5502958579881656,822,97.27810650887574,0,0.0,172,20.355029585798817
2026-06-05T00:00:00.000Z,847,331,148,58,39.189189189189186,0,32,3.7780401416765055,2,0.2361275088547816,822,97.04840613931523,29,3.423848878394333,9,1.062573789846517,0,0.0,29,3.423848878394333,448,52.892561983471076,102,12.04250295159386,0,0.0,30,3.541912632821724,822,97.04840613931523,0,0.0,172,20.306965761511215
2026-06-06T00:00:00.000Z,841,329,148,58,39.189189189189186,0,32,3.8049940546967895,2,0.23781212841854935,816,97.02734839476814,29,3.4482758620689653,9,1.070154577883472,0,0.0,29,3.4482758620689653,447,53.15101070154578,102,12.128418549346017,0,0.0,30,3.56718192627824,816,97.02734839476814,0,0.0,172,20.451843043995243
2026-06-07T00:00:00.000Z,838,326,148,58,39.189189189189186,0,32,3.818615751789976,2,0.2386634844868735,813,97.01670644391407,29,3.460620525059666,9,1.0739856801909309,0,0.0,29,3.460620525059666,448,53.46062052505967,102,12.171837708830548,0,0.0,30,3.579952267303103,813,97.01670644391407,0,0.0,171,20.405727923627683
2026-06-08T00:00:00.000Z,838,326,148,58,39.189189189189186,0,32,3.818615751789976,2,0.2386634844868735,813,97.01670644391407,29,3.460620525059666,9,1.0739856801909309,0,0.0,29,3.460620525059666,448,53.46062052505967,102,12.171837708830548,0,0.0,30,3.579952267303103,813,97.01670644391407,0,0.0,171,20.405727923627683
2026-06-09T00:00:00.000Z,839,326,148,58,39.189189189189186,0,32,3.8140643623361146,2,0.23837902264600716,811,96.6626936829559,29,3.4564958283671037,9,1.0727056019070322,0,0.0,29,3.4564958283671037,447,53.277711561382596,102,12.157330154946365,0,0.0,30,3.575685339690107,811,96.6626936829559,0,0.0,171,20.38140643623361
2026-06-10T00:00:00.000Z,839,323,148,58,39.189189189189186,0,32,3.8140643623361146,2,0.23837902264600716,813,96.9010727056019,29,3.4564958283671037,9,1.0727056019070322,0,0.0,29,3.4564958283671037,447,53.277711561382596,104,12.395709177592371,0,0.0,30,3.575685339690107,813,96.9010727056019,0,0.0,174,20.738974970202623
2026-06-11T00:00:00.000Z,843,322,148,58,39.189189189189186,0,32,3.795966785290629,2,0.2372479240806643,818,97.0344009489917,29,3.4400948991696323,9,1.0676156583629892,0,0.0,29,3.4400948991696323,453,53.736654804270465,107,12.69276393831554,0,0.0,30,3.5587188612099645,818,97.0344009489917,0,0.0,177,20.99644128113879
2026-06-12T00:00:00.000Z,842,321,148,58,39.189189189189186,0,32,3.8004750593824226,2,0.2375296912114014,817,97.03087885985748,29,3.4441805225653206,9,1.0688836104513064,0,0.0,29,3.4441805225653206,458,54.394299287410924,107,12.707838479809975,0,0.0,30,3.5629453681710213,817,97.03087885985748,0,0.0,177,21.021377672209027
2026-06-13T00:00:00.000Z,847,321,148,58,39.189189189189186,0,32,3.7780401416765055,2,0.2361275088547816,822,97.04840613931523,29,3.423848878394333,9,1.062573789846517,0,0.0,29,3.423848878394333,471,55.608028335301064,107,12.632821723730814,0,0.0,30,3.541912632821724,822,97.04840613931523,0,0.0,177,20.89728453364817
2026-06-14T00:00:00.000Z,859,321,148,58,39.189189189189186,0,32,3.7252619324796274,2,0.23282887077997672,834,97.08963911525029,29,3.3760186263096625,9,1.0477299185098952,0,0.0,29,3.3760186263096625,482,56.11175785797439,107,12.456344586728754,0,0.0,30,3.492433061699651,834,97.08963911525029,0,0.0,177,20.60535506402794
2026-06-15T00:00:00.000Z,859,321,148,58,39.189189189189186,0,32,3.7252619324796274,2,0.23282887077997672,834,97.08963911525029,29,3.3760186263096625,9,1.0477299185098952,0,0.0,29,3.3760186263096625,482,56.11175785797439,107,12.456344586728754,0,0.0,30,3.492433061699651,834,97.08963911525029,0,0.0,177,20.60535506402794
2026-06-16T00:00:00.000Z,850,321,148,58,39.189189189189186,0,32,3.764705882352941,2,0.23529411764705882,823,96.82352941176471,29,3.411764705882353,9,1.0588235294117647,0,0.0,29,3.411764705882353,471,55.411764705882355,105,12.352941176470589,0,0.0,30,3.5294117647058822,823,96.82352941176471,0,0.0,175,20.58823529411765
2026-06-17T00:00:00.000Z,861,321,148,58,39.189189189189186,0,32,3.7166085946573753,2,0.23228803716608595,834,96.86411149825784,29,3.368176538908246,9,1.0452961672473868,0,0.0,29,3.368176538908246,481,55.86527293844367,105,12.195121951219512,0,0.0,30,3.484320557491289,834,96.86411149825784,0,0.0,175,20.32520325203252
2026-06-18T00:00:00.000Z,864,321,148,59,39.86486486486486,0,32,3.7037037037037037,2,0.23148148148148148,836,96.75925925925925,29,3.3564814814814814,9,1.0416666666666667,0,0.0,29,3.3564814814814814,485,56.13425925925926,105,12.152777777777779,0,0.0,30,3.4722222222222223,836,96.75925925925925,0,0.0,175,20.25462962962963
2026-06-19T00:00:00.000Z,875,325,148,60,40.54054054054054,0,34,3.8857142857142857,2,0.22857142857142856,847,96.8,31,3.5428571428571427,13,1.4857142857142858,0,0.0,31,3.5428571428571427,495,56.57142857142857,107,12.228571428571428,0,0.0,32,3.657142857142857,847,96.8,0,0.0,179,20.457142857142856
2026-06-20T00:00:00.000Z,875,324,148,60,40.54054054054054,0,34,3.8857142857142857,2,0.22857142857142856,847,96.8,31,3.5428571428571427,13,1.4857142857142858,0,0.0,31,3.5428571428571427,495,56.57142857142857,107,12.228571428571428,0,0.0,32,3.657142857142857,847,96.8,0,0.0,179,20.457142857142856
2026-06-21T00:00:00.000Z,875,324,148,60,40.54054054054054,0,34,3.8857142857142857,2,0.22857142857142856,847,96.8,31,3.5428571428571427,13,1.4857142857142858,0,0.0,31,3.5428571428571427,495,56.57142857142857,106,12.114285714285714,0,0.0,32,3.657142857142857,847,96.8,0,0.0,178,20.34285714285714
2026-06-22T00:00:00.000Z,877,324,148,60,40.54054054054054,0,34,3.8768529076396807,2,0.22805017103762829,849,96.80729760547321,31,3.5347776510832385,13,1.4823261117445838,0,0.0,31,3.5347776510832385,497,56.67046750285063,106,12.086659064994299,0,0.0,32,3.6488027366020526,849,96.80729760547321,0,0.0,178,20.296465222348917
2026-06-23T00:00:00.000Z,880,324,148,60,40.54054054054054,0,34,3.8636363636363638,2,0.22727272727272727,854,97.04545454545455,31,3.522727272727273,13,1.4772727272727273,0,0.0,31,3.522727272727273,501,56.93181818181818,104,11.818181818181818,0,0.0,32,3.6363636363636362,854,97.04545454545455,0,0.0,176,20.0
2026-06-24T00:00:00.000Z,879,322,148,60,40.54054054054054,0,34,3.868031854379977,2,0.22753128555176336,853,97.04209328782707,31,3.5267349260523324,13,1.4789533560864618,0,0.0,31,3.5267349260523324,503,57.22411831626849,104,11.831626848691695,0,0.0,32,3.6405005688282137,853,97.04209328782707,0,0.0,176,20.022753128555177
2026-06-25T00:00:00.000Z,882,323,148,60,40.54054054054054,0,34,3.854875283446712,2,0.22675736961451248,856,97.05215419501134,31,3.5147392290249435,13,1.473922902494331,0,0.0,31,3.5147392290249435,507,57.48299319727891,104,11.791383219954648,0,0.0,32,3.6281179138321997,856,97.05215419501134,0,0.0,177,20.068027210884352
2026-06-26T00:00:00.000Z,886,323,148,60,40.54054054054054,0,34,3.8374717832957113,2,0.22573363431151242,860,97.06546275395034,31,3.4988713318284423,13,1.4672686230248306,0,0.0,31,3.4988713318284423,513,57.90067720090293,104,11.738148984198645,0,0.0,32,3.6117381489841986,860,97.06546275395034,0,0.0,180,20.31602708803612
2026-06-27T00:00:00.000Z,889,323,148,60,40.54054054054054,0,34,3.824521934758155,2,0.2249718785151856,863,97.07536557930258,31,3.4870641169853767,13,1.4623172103487063,0,0.0,31,3.4870641169853767,516,58.04274465691788,104,11.69853768278965,56,6.299212598425197,32,3.5995500562429696,863,97.07536557930258,0,0.0,181,20.359955005624297
2026-06-28T00:00:00.000Z,888,323,148,60,40.54054054054054,0,34,3.828828828828829,2,0.22522522522522523,862,97.07207207207207,31,3.490990990990991,13,1.4639639639639639,0,0.0,31,3.490990990990991,516,58.108108108108105,104,11.711711711711711,56,6.306306306306307,32,3.6036036036036037,862,97.07207207207207,0,0.0,181,20.382882882882882
2026-06-29T00:00:00.000Z,891,323,148,60,40.54054054054054,0,34,3.8159371492704826,2,0.2244668911335578,865,97.08193041526376,31,3.479236812570146,13,1.4590347923681257,0,0.0,31,3.479236812570146,517,58.02469135802469,104,11.672278338945006,56,6.285072951739618,32,3.591470258136925,865,97.08193041526376,0,0.0,181,20.31425364758698
2026-06-30T00:00:00.000Z,889,322,148,60,40.54054054054054,0,34,3.824521934758155,2,0.2249718785151856,863,97.07536557930258,31,3.4870641169853767,13,1.4623172103487063,0,0.0,31,3.4870641169853767,514,57.8177727784027,103,11.586051743532058,55,6.186726659167604,32,3.5995500562429696,863,97.07536557930258,0,0.0,180,20.247469066366705
2026-07-01T00:00:00.000Z,893,322,148,60,40.54054054054054,0,34,3.807390817469205,2,0.22396416573348266,868,97.20044792833147,31,3.471444568868981,15,1.6797312430011198,0,0.0,31,3.471444568868981,518,58.006718924972006,110,12.318029115341545,62,6.942889137737962,32,3.5834266517357225,868,97.20044792833147,0,0.0,189,21.16461366181411
2026-07-02T00:00:00.000Z,875,322,148,60,40.54054054054054,0,34,3.8857142857142857,2,0.22857142857142856,850,97.14285714285714,31,3.5428571428571427,15,1.7142857142857142,0,0.0,31,3.5428571428571427,501,57.25714285714286,110,12.571428571428571,62,7.085714285714285,32,3.657142857142857,850,97.14285714285714,0,0.0,189,21.6
2026-07-03T00:00:00.000Z,873,324,148,60,40.54054054054054,0,34,3.8946162657502863,2,0.2290950744558992,847,97.0217640320733,31,3.5509736540664374,15,1.7182130584192439,0,0.0,31,3.5509736540664374,503,57.61741122565865,110,12.600229095074456,62,7.101947308132875,32,3.665521191294387,847,97.0217640320733,0,0.0,189,21.649484536082475
2026-07-04T00:00:00.000Z,871,324,148,60,40.54054054054054,0,34,3.9035591274397246,2,0.2296211251435132,845,97.01492537313433,31,3.5591274397244548,15,1.722158438576349,0,0.0,31,3.5591274397244548,502,57.63490241102181,110,12.629161882893227,62,7.1182548794489096,32,3.6739380022962114,845,97.01492537313433,0,0.0,189,21.699196326061998
2026-07-05T00:00:00.000Z,872,324,148,60,40.54054054054054,0,34,3.8990825688073394,2,0.22935779816513763,846,97.01834862385321,31,3.555045871559633,15,1.7201834862385321,0,0.0,31,3.555045871559633,503,57.68348623853211,110,12.614678899082568,62,7.110091743119266,32,3.669724770642202,846,97.01834862385321,0,0.0,189,21.674311926605505
2026-07-06T00:00:00.000Z,872,324,148,60,40.54054054054054,0,34,3.8990825688073394,2,0.22935779816513763,846,97.01834862385321,31,3.555045871559633,15,1.7201834862385321,0,0.0,31,3.555045871559633,503,57.68348623853211,110,12.614678899082568,62,7.110091743119266,32,3.669724770642202,846,97.01834862385321,0,0.0,189,21.674311926605505
2026-07-07T00:00:00.000Z,892,327,148,60,40.54054054054054,0,34,3.811659192825112,2,0.2242152466367713,865,96.97309417040358,31,3.475336322869955,15,1.6816143497757847,0,0.0,31,3.475336322869955,528,59.19282511210762,112,12.556053811659194,63,7.062780269058296,32,3.587443946188341,865,96.97309417040358,0,0.0,191,21.41255605381166
2026-07-08T00:00:00.000Z,901,327,148,60,40.54054054054054,0,34,3.7735849056603774,2,0.22197558268590456,874,97.0033296337403,31,3.4406215316315207,15,1.664816870144284,0,0.0,31,3.4406215316315207,538,59.711431742508324,117,12.985571587125417,68,7.547169811320755,32,3.551609322974473,874,97.0033296337403,0,0.0,197,21.8645948945616
2026-07-09T00:00:00.000Z,903,328,148,60,40.54054054054054,0,34,3.7652270210409746,2,0.22148394241417496,876,97.00996677740864,31,3.433001107419712,15,1.6611295681063123,0,0.0,31,3.433001107419712,540,59.800664451827245,117,12.956810631229235,68,7.530454042081949,32,3.5437430786267994,876,97.00996677740864,0,0.0,199,22.03765227021041
2026-07-10T00:00:00.000Z,915,329,148,60,40.54054054054054,0,33,3.6065573770491803,2,0.2185792349726776,889,97.1584699453552,30,3.278688524590164,15,1.639344262295082,0,0.0,30,3.278688524590164,556,60.76502732240437,134,14.6448087431694,68,7.4316939890710385,31,3.387978142076503,889,97.1584699453552,0,0.0,216,23.60655737704918
2026-07-11T00:00:00.000Z,919,329,148,60,40.54054054054054,0,33,3.5908596300326443,2,0.2176278563656148,893,97.170837867247,30,3.264417845484222,15,1.632208922742111,0,0.0,30,3.264417845484222,560,60.93579978237214,134,14.581066376496192,68,7.399347116430903,31,3.373231773667029,893,97.170837867247,0,0.0,216,23.5038084874864
2026-07-12T00:00:00.000Z,918,328,148,60,40.54054054054054,0,33,3.5947712418300655,2,0.2178649237472767,892,97.1677559912854,30,3.2679738562091503,15,1.6339869281045751,0,0.0,30,3.2679738562091503,560,61.00217864923747,134,14.596949891067538,68,7.407407407407407,31,3.3769063180827885,892,97.1677559912854,0,0.0,216,23.529411764705884
2026-07-13T00:00:00.000Z,920,328,148,60,40.54054054054054,0,33,3.5869565217391304,2,0.21739130434782608,894,97.17391304347827,30,3.260869565217391,15,1.6304347826086956,0,0.0,30,3.260869565217391,561,60.97826086956522,134,14.565217391304348,68,7.391304347826087,31,3.369565217391304,894,97.17391304347827,0,0.0,216,23.47826086956522
2026-07-14T00:00:00.000Z,917,325,148,60,40.54054054054054,0,32,3.489640130861505,2,0.21810250817884405,896,97.70992366412214,29,3.162486368593239,15,1.6357688113413305,0,0.0,29,3.162486368593239,562,61.28680479825518,133,14.50381679389313,68,7.415485278080698,30,3.271537622682661,896,97.70992366412214,0,0.0,215,23.446019629225734
2026-07-15T00:00:00.000Z,917,326,148,60,40.54054054054054,0,32,3.489640130861505,2,0.21810250817884405,896,97.70992366412214,29,3.162486368593239,15,1.6357688113413305,0,0.0,29,3.162486368593239,567,61.83206106870229,133,14.50381679389313,68,7.415485278080698,30,3.271537622682661,896,97.70992366412214,0,0.0,215,23.446019629225734
2026-07-16T00:00:00.000Z,920,325,148,60,40.54054054054054,0,32,3.4782608695652173,2,0.21739130434782608,899,97.71739130434783,29,3.152173913043478,15,1.6304347826086956,0,0.0,29,3.152173913043478,569,61.84782608695652,133,14.456521739130435,68,7.391304347826087,30,3.260869565217391,899,97.71739130434783,0,0.0,215,23.369565217391305
2026-07-17T00:00:00.000Z,921,327,148,60,40.54054054054054,0,32,3.474484256243214,2,0.21715526601520088,900,97.71986970684038,29,3.1487513572204127,15,1.6286644951140066,0,0.0,29,3.1487513572204127,571,61.99782844733985,133,14.440825190010857,68,7.383279044516829,30,3.257328990228013,900,97.71986970684038,0,0.0,216,23.452768729641694
2026-07-18T00:00:00.000Z,919,326,148,60,40.54054054054054,0,32,3.4820457018498367,2,0.2176278563656148,898,97.71490750816105,29,3.1556039173014145,15,1.632208922742111,0,0.0,29,3.1556039173014145,572,62.24156692056583,133,14.472252448313384,68,7.399347116430903,30,3.264417845484222,898,97.71490750816105,0,0.0,216,23.5038084874864
2026-07-19T00:00:00.000Z,921,326,148,60,40.54054054054054,0,32,3.474484256243214,2,0.21715526601520088,900,97.71986970684038,29,3.1487513572204127,15,1.6286644951140066,0,0.0,29,3.1487513572204127,574,62.32356134636265,133,14.440825190010857,68,7.383279044516829,30,3.257328990228013,900,97.71986970684038,0,0.0,216,23.452768729641694
2026-07-20T00:00:00.000Z,915,320,148,60,40.54054054054054,0,32,3.4972677595628414,2,0.2185792349726776,900,98.36065573770492,29,3.169398907103825,15,1.639344262295082,0,0.0,29,3.169398907103825,574,62.73224043715847,133,14.53551912568306,68,7.4316939890710385,30,3.278688524590164,900,98.36065573770492,0,0.0,216,23.60655737704918
2026-07-21T00:00:00.000Z,918,321,148,60,40.54054054054054,0,32,3.485838779956427,2,0.2178649237472767,903,98.36601307189542,29,3.159041394335512,15,1.6339869281045751,0,0.0,29,3.159041394335512,577,62.854030501089326,133,14.4880174291939,68,7.407407407407407,30,3.2679738562091503,903,98.36601307189542,0,0.0,216,23.529411764705884
2026-07-22T00:00:00.000Z,925,324,148,60,40.54054054054054,0,36,3.891891891891892,2,0.21621621621621623,910,98.37837837837837,33,3.5675675675675675,15,1.6216216216216217,0,0.0,33,3.5675675675675675,585,63.24324324324324,137,14.81081081081081,68,7.351351351351352,34,3.675675675675676,910,98.37837837837837,0,0.0,220,23.783783783783782
2026-07-23T00:00:00.000Z,926,324,148,60,40.54054054054054,0,36,3.8876889848812093,2,0.2159827213822894,911,98.38012958963283,33,3.5637149028077753,15,1.6198704103671706,0,0.0,33,3.5637149028077753,589,63.60691144708424,137,14.794816414686824,68,7.34341252699784,34,3.67170626349892,911,98.38012958963283,0,0.0,220,23.758099352051836
2026-07-24T00:00:00.000Z,950,325,148,60,40.54054054054054,0,36,3.789473684210526,2,0.21052631578947367,934,98.3157894736842,33,3.473684210526316,15,1.5789473684210527,0,0.0,33,3.473684210526316,612,64.42105263157895,137,14.421052631578947,68,7.157894736842105,34,3.5789473684210527,934,98.3157894736842,0,0.0,220,23.157894736842106
2026-07-25T00:00:00.000Z,938,327,148,60,40.54054054054054,0,36,3.837953091684435,2,0.21321961620469082,922,98.29424307036247,33,3.518123667377399,15,1.5991471215351811,0,0.0,33,3.518123667377399,607,64.71215351812367,144,15.35181236673774,75,7.995735607675906,34,3.624733475479744,922,98.29424307036247,0,0.0,227,24.20042643923241
2026-07-26T00:00:00.000Z,940,327,148,60,40.54054054054054,0,36,3.8297872340425534,2,0.2127659574468085,924,98.29787234042553,33,3.5106382978723403,15,1.5957446808510638,0,0.0,33,3.5106382978723403,608,64.68085106382979,145,15.425531914893616,76,8.085106382978724,34,3.617021276595745,924,98.29787234042553,0,0.0,228,24.25531914893617
2026-07-27T00:00:00.000Z,936,325,148,60,40.54054054054054,0,36,3.8461538461538463,2,0.21367521367521367,920,98.2905982905983,33,3.5256410256410255,15,1.6025641025641026,0,0.0,33,3.5256410256410255,606,64.74358974358974,145,15.491452991452991,76,8.11965811965812,34,3.6324786324786325,920,98.2905982905983,0,0.0,228,24.358974358974358
2026-07-28T00:00:00.000Z,936,322,148,60,40.54054054054054,0,35,3.7393162393162394,2,0.21367521367521367,920,98.2905982905983,32,3.4188034188034186,13,1.3888888888888888,0,0.0,32,3.4188034188034186,609,65.06410256410257,144,15.384615384615385,76,8.11965811965812,33,3.5256410256410255,920,98.2905982905983,0,0.0,222,23.71794871794872
2026-07-29T00:00:00.000Z,965,349,148,60,40.54054054054054,0,44,4.5595854922279795,2,0.20725388601036268,950,98.44559585492227,41,4.248704663212435,13,1.3471502590673574,0,0.0,39,4.041450777202073,638,66.11398963730569,155,16.06217616580311,91,9.430051813471502,42,4.352331606217617,950,98.44559585492227,0,0.0,247,25.59585492227979
2026-07-30T00:00:00.000Z,959,349,148,60,40.54054054054054,0,44,4.588112617309697,2,0.20855057351407716,944,98.43587069864442,41,4.2752867570385815,13,1.3555787278415015,0,0.0,39,4.066736183524505,635,66.2148070907195,155,16.16266944734098,91,9.489051094890511,42,4.37956204379562,944,98.43587069864442,0,0.0,247,25.755995828988528
2026-07-31T00:00:00.000Z,962,346,148,60,40.54054054054054,0,44,4.573804573804574,2,0.2079002079002079,947,98.44074844074844,41,4.261954261954262,13,1.3513513513513513,0,0.0,39,4.054054054054054,637,66.21621621621621,158,16.424116424116423,91,9.45945945945946,42,4.365904365904366,947,98.44074844074844,0,0.0,247,25.675675675675677
2026-08-01T00:00:00.000Z,943,318,148,60,40.54054054054054,0,35,3.711558854718982,2,0.21208907741251326,927,98.3032873806999,32,3.393425238600212,13,1.378579003181336,0,0.0,32,3.393425238600212,619,65.64156945917286,148,15.694591728525982,82,8.695652173913043,33,3.499469777306469,927,98.3032873806999,0,0.0,219,23.223753976670203
2026-08-02T00:00:00.000Z,948,318,148,60,40.54054054054054,0,35,3.691983122362869,2,0.2109704641350211,933,98.41772151898734,32,3.3755274261603376,13,1.371308016877637,0,0.0,32,3.3755274261603376,623,65.71729957805907,148,15.611814345991561,82,8.649789029535865,33,3.481012658227848,933,98.41772151898734,0,0.0,219,23.10126582278481
2026-08-03T00:00:00.000Z,951,318,148,60,40.54054054054054,0,35,3.680336487907466,2,0.2103049421661409,936,98.42271293375394,32,3.3648790746582544,13,1.3669821240799158,0,0.0,32,3.3648790746582544,626,65.8254468980021,148,15.562565720294426,82,8.622502628811777,33,3.470031545741325,936,98.42271293375394,0,0.0,219,23.028391167192428
2026-08-04T00:00:00.000Z,953,319,148,60,40.54054054054054,0,35,3.6726128016789086,2,0.2098635886673662,938,98.42602308499475,32,3.3578174186778593,13,1.3641133263378804,0,0.0,32,3.3578174186778593,628,65.89716684155299,149,15.634837355718783,82,8.604407135362015,33,3.4627492130115427,938,98.42602308499475,0,0.0,219,22.9800629590766
2026-08-05T00:00:00.000Z,950,319,148,60,40.54054054054054,0,35,3.6842105263157894,2,0.21052631578947367,935,98.42105263157895,32,3.3684210526315788,13,1.368421052631579,0,0.0,32,3.3684210526315788,626,65.89473684210526,149,15.68421052631579,82,8.631578947368421,33,3.473684210526316,935,98.42105263157895,0,0.0,219,23.05263157894737
2026-08-06T00:00:00.000Z,959,320,148,60,40.54054054054054,0,35,3.6496350364963503,2,0.20855057351407716,944,98.43587069864442,32,3.3368091762252345,13,1.3555787278415015,0,0.0,32,3.3368091762252345,634,66.11053180396246,154,16.05839416058394,87,9.071949947862356,33,3.441084462982273,944,98.43587069864442,0,0.0,225,23.46193952033368
2026-08-07T00:00:00.000Z,1017,381,148,60,40.54054054054054,0,44,4.3264503441494595,2,0.19665683382497542,1002,98.52507374631269,41,4.031465093411996,13,1.27826941986234,0,0.0,39,3.8348082595870205,685,67.35496558505407,164,16.125860373647985,96,9.43952802359882,42,4.129793510324483,1002,98.52507374631269,0,0.0,278,27.335299901671583
2026-08-08T00:00:00.000Z,1018,381,148,60,40.54054054054054,0,44,4.322200392927308,2,0.19646365422396855,1003,98.52652259332024,41,4.027504911591356,13,1.2770137524557956,0,0.0,39,3.831041257367387,685,67.28880157170923,164,16.110019646365423,96,9.430255402750491,42,4.12573673870334,1003,98.52652259332024,0,0.0,277,27.210216110019648
2026-08-09T00:00:00.000Z,1023,381,148,60,40.54054054054054,0,47,4.594330400782014,2,0.19550342130987292,1008,98.53372434017595,44,4.301075268817204,13,1.270772238514174,0,0.0,42,4.105571847507331,690,67.44868035190616,167,16.32453567937439,96,9.3841642228739,45,4.39882697947214,1008,98.53372434017595,0,0.0,280,27.37047898338221
2026-08-10T00:00:00.000Z,1023,381,148,60,40.54054054054054,0,47,4.594330400782014,2,0.19550342130987292,1008,98.53372434017595,44,4.301075268817204,13,1.270772238514174,0,0.0,42,4.105571847507331,690,67.44868035190616,167,16.32453567937439,96,9.3841642228739,45,4.39882697947214,1008,98.53372434017595,0,0.0,280,27.37047898338221
2026-08-11T00:00:00.000Z,1021,381,148,60,40.54054054054054,0,47,4.603330068560235,2,0.1958863858961802,1006,98.53085210577865,44,4.3095004897159646,13,1.2732615083251715,0,0.0,42,4.113614103819785,689,67.48285994123408,167,16.35651322233105,96,9.40254652301665,45,4.407443682664055,1006,98.53085210577865,0,0.0,278,27.22820763956905
2026-08-12T00:00:00.000Z,1029,387,148,60,40.54054054054054,0,48,4.664723032069971,2,0.19436345966958213,1012,98.34791059280855,45,4.373177842565598,13,1.2633624878522838,0,0.0,43,4.178814382896015,693,67.34693877551021,168,16.3265306122449,96,9.329446064139942,46,4.470359572400389,1012,98.34791059280855,0,0.0,280,27.210884353741495
2026-08-13T00:00:00.000Z,1037,391,148,60,40.54054054054054,0,48,4.628736740597878,2,0.19286403085824494,1020,98.36065573770492,45,4.339440694310511,13,1.253616200578592,0,0.0,43,4.146576663452266,699,67.4059787849566,169,16.2970106075217,97,9.35390549662488,46,4.435872709739634,1020,98.36065573770492,0,0.0,283,27.290260366441657
2026-08-14T00:00:00.000Z,1053,392,148,60,40.54054054054054,0,51,4.843304843304844,2,0.1899335232668566,1037,98.48053181386514,48,4.5584045584045585,13,1.2345679012345678,0,0.0,46,4.368471035137702,717,68.09116809116809,176,16.71415004748338,100,9.49667616334283,49,4.653371320037987,1037,98.48053181386514,0,0.0,289,27.44539411206078
2026-08-15T00:00:00.000Z,1067,392,148,60,40.54054054054054,0,51,4.779756326148079,2,0.18744142455482662,1051,98.50046860356139,48,4.498594189315839,13,1.218369259606373,0,0.0,46,4.311152764761013,730,68.41611996251171,182,17.057169634489224,103,9.653233364573572,49,4.5923149015932525,1051,98.50046860356139,0,0.0,299,28.02249297094658
2026-08-16T00:00:00.000Z,1069,394,148,60,40.54054054054054,0,51,4.770813844714687,2,0.18709073900841908,1052,98.40972871842844,48,4.490177736202058,13,1.216089803554724,0,0.0,46,4.303086997193639,732,68.47521047708139,181,16.931711880261926,103,9.635173058933583,49,4.583723105706268,1052,98.40972871842844,0,0.0,299,27.970065481758652
2026-08-17T00:00:00.000Z,1073,395,148,60,40.54054054054054,4,51,4.753028890959926,2,0.1863932898415657,1055,98.3224603914259,48,4.473438956197577,13,1.211556383970177,0,0.0,46,4.287045666356011,736,68.59273066169618,181,16.868592730661696,103,9.599254426840634,49,4.566635601118359,1055,98.3224603914259,0,0.0,299,27.86579683131407
2026-08-18T00:00:00.000Z,1069,395,148,60,40.54054054054054,4,51,4.770813844714687,2,0.18709073900841908,1051,98.31618334892423,48,4.490177736202058,13,1.216089803554724,0,0.0,46,4.303086997193639,732,68.47521047708139,179,16.744621141253507,101,9.448082319925163,49,4.583723105706268,1051,98.31618334892423,0,0.0,297,27.782974742750234
2026-08-19T00:00:00.000Z,1068,396,148,60,40.54054054054054,5,51,4.775280898876405,2,0.18726591760299627,1050,98.31460674157303,48,4.49438202247191,13,1.2172284644194757,0,0.0,46,4.307116104868914,730,68.35205992509363,179,16.760299625468164,101,9.456928838951312,49,4.588014981273409,1050,98.31460674157303,0,0.0,297,27.808988764044944
2026-08-20T00:00:00.000Z,1066,394,148,60,40.54054054054054,5,51,4.784240150093809,2,0.18761726078799248,1048,98.31144465290807,48,4.50281425891182,13,1.2195121951219512,0,0.0,46,4.315196998123827,731,68.57410881801125,180,16.885553470919323,101,9.47467166979362,49,4.5966228893058165,1048,98.31144465290807,0,0.0,297,27.861163227016885
2026-08-21T00:00:00.000Z,1075,398,148,60,40.54054054054054,6,51,4.744186046511628,2,0.18604651162790697,1057,98.32558139534883,48,4.465116279069767,13,1.2093023255813953,0,0.0,46,4.27906976744186,736,68.46511627906976,180,16.74418604651163,101,9.395348837209303,49,4.558139534883721,1057,98.32558139534883,0,0.0,297,27.627906976744185
2026-08-22T00:00:00.000Z,1081,402,148,60,40.54054054054054,5,51,4.717853839037928,2,0.18501387604070305,1061,98.14986123959297,48,4.440333024976873,13,1.2025901942645698,0,0.0,46,4.25531914893617,740,68.45513413506013,182,16.836262719703978,101,9.343200740055504,49,4.532839962997225,1061,98.14986123959297,0,0.0,298,27.567067530064755
2026-08-23T00:00:00.000Z,1080,402,148,60,40.54054054054054,2,51,4.722222222222222,2,0.18518518518518517,1061,98.24074074074075,48,4.444444444444445,13,1.2037037037037037,0,0.0,46,4.2592592592592595,740,68.51851851851852,182,16.85185185185185,101,9.351851851851851,49,4.537037037037037,1061,98.24074074074075,0,0.0,298,27.59259259259259
2026-08-24T00:00:00.000Z,1084,402,148,60,40.54054054054054,2,51,4.704797047970479,2,0.18450184501845018,1065,98.24723247232473,48,4.428044280442805,13,1.1992619926199262,0,0.0,46,4.243542435424354,743,68.54243542435424,182,16.789667896678967,101,9.317343173431734,49,4.520295202952029,1065,98.24723247232473,0,0.0,298,27.490774907749078
2026-08-25T00:00:00.000Z,1105,397,148,60,40.54054054054054,5,51,4.615384615384615,2,0.18099547511312217,1089,98.55203619909503,48,4.343891402714932,13,1.1764705882352942,0,0.0,46,4.16289592760181,768,69.50226244343891,182,16.470588235294116,101,9.14027149321267,49,4.4343891402714934,1089,98.55203619909503,0,0.0,304,27.511312217194572
2026-08-26T00:00:00.000Z,1120,397,148,60,40.54054054054054,5,51,4.553571428571429,2,0.17857142857142858,1102,98.39285714285714,48,4.285714285714286,13,1.1607142857142858,0,0.0,46,4.107142857142857,781,69.73214285714286,182,16.25,101,9.017857142857142,49,4.375,1102,98.39285714285714,0,0.0,314,28.035714285714285
2026-08-27T00:00:00.000Z,1132,397,148,60,40.54054054054054,6,53,4.681978798586573,2,0.17667844522968199,1115,98.4982332155477,50,4.41696113074205,13,1.1484098939929328,0,0.0,48,4.240282685512367,793,70.0530035335689,185,16.342756183745582,101,8.92226148409894,51,4.5053003533568905,1115,98.4982332155477,0,0.0,317,28.003533568904594
2026-08-28T00:00:00.000Z,1141,395,148,60,40.54054054054054,6,53,4.645048203330412,2,0.175284837861525,1123,98.42243645924627,50,4.382120946538125,13,1.1393514460999123,0,0.0,48,4.206836108676599,803,70.37686240140228,185,16.21384750219106,101,8.85188431200701,51,4.469763365468887,1123,98.42243645924627,0,0.0,317,27.78264680105171
2026-08-29T00:00:00.000Z,1135,376,148,60,40.54054054054054,6,55,4.845814977973569,2,0.1762114537444934,1117,98.41409691629956,50,4.405286343612334,13,1.145374449339207,0,0.0,48,4.229074889867841,806,71.01321585903084,183,16.123348017621144,101,8.898678414096917,51,4.493392070484582,1117,98.41409691629956,0,0.0,282,24.845814977973568
2026-08-30T00:00:00.000Z,1143,376,148,60,40.54054054054054,6,55,4.811898512685914,2,0.17497812773403323,1125,98.4251968503937,50,4.374453193350831,13,1.1373578302712162,0,0.0,48,4.199475065616798,814,71.21609798775152,187,16.36045494313211,101,8.836395450568679,51,4.4619422572178475,1125,98.4251968503937,0,0.0,286,25.021872265966753
2026-08-31T00:00:00.000Z,1148,376,148,60,40.54054054054054,6,55,4.790940766550523,2,0.17421602787456447,1130,98.43205574912892,50,4.355400696864112,13,1.132404181184669,0,0.0,48,4.181184668989547,817,71.16724738675958,195,16.986062717770036,101,8.797909407665506,51,4.442508710801394,1130,98.43205574912892,0,0.0,294,25.609756097560975
2026-09-01T00:00:00.000Z,1227,405,148,60,40.54054054054054,6,96,7.823960880195599,2,0.16299918500407498,1209,98.53300733496333,91,7.416462917685411,16,1.3039934800325998,0,0.0,89,7.253463732681337,892,72.69763651181744,238,19.396903015484924,101,8.231458842705786,92,7.497962510187449,1209,98.53300733496333,0,0.0,376,30.643846780766097
2026-09-02T00:00:00.000Z,1241,399,148,60,40.54054054054054,6,96,7.735697018533441,2,0.16116035455278002,1223,98.54955680902498,91,7.332796132151491,16,1.2892828364222402,0,0.0,89,7.171635777598711,906,73.00564061240935,241,19.419822723609993,104,8.38033843674456,92,7.413376309427881,1223,98.54955680902498,0,0.0,379,30.539887187751813
2026-09-03T00:00:00.000Z,1250,404,148,60,40.54054054054054,6,103,8.24,2,0.16,1232,98.56,98,7.84,16,1.28,0,0.0,96,7.68,915,73.2,249,19.92,105,8.4,99,7.92,1232,98.56,0,0.0,389,31.12
2026-09-04T00:00:00.000Z,1250,404,148,60,40.54054054054054,6,103,8.24,2,0.16,1232,98.56,98,7.84,16,1.28,0,0.0,96,7.68,917,73.36,249,19.92,105,8.4,99,7.92,1232,98.56,0,0.0,389,31.12
2026-09-05T00:00:00.000Z,1263,410,148,60,40.54054054054054,6,103,8.155186064924782,2,0.1583531274742676,1244,98.49564528899445,98,7.759303246239114,16,1.2668250197941409,0,0.0,96,7.600950118764845,927,73.39667458432304,261,20.665083135391924,105,8.31353919239905,99,7.838479809976247,1244,98.49564528899445,0,0.0,402,31.828978622327792
2026-09-06T00:00:00.000Z,1263,410,148,60,40.54054054054054,6,103,8.155186064924782,2,0.1583531274742676,1244,98.49564528899445,98,7.759303246239114,16,1.2668250197941409,0,0.0,96,7.600950118764845,926,73.3174980205859,261,20.665083135391924,105,8.31353919239905,99,7.838479809976247,1244,98.49564528899445,0,0.0,402,31.828978622327792
2026-09-07T00:00:00.000Z,1262,409,148,60,40.54054054054054,6,103,8.161648177496039,2,0.15847860538827258,1244,98.57369255150554,98,7.765451664025356,16,1.2678288431061806,0,0.0,96,7.606973058637084,926,73.37559429477021,261,20.68145800316957,105,8.32012678288431,99,7.844690966719493,1244,98.57369255150554,0,0.0,402,31.85419968304279
2026-09-08T00:00:00.000Z,1262,407,148,60,40.54054054054054,6,103,8.161648177496039,2,0.15847860538827258,1246,98.73217115689381,98,7.765451664025356,16,1.2678288431061806,0,0.0,96,7.606973058637084,927,73.45483359746434,261,20.68145800316957,105,8.32012678288431,99,7.844690966719493,1246,98.73217115689381,0,0.0,402,31.85419968304279
2026-09-08T19:40:04.163Z,1267,410,148,60,40.54054054054054,6,103,8.12943962115233,2,0.15785319652722968,1249,98.57932123125494,98,7.734806629834254,16,1.2628255722178374,0,0.0,96,7.5769534333070245,930,73.4017363851618,261,20.59984214680347,105,8.287292817679559,99,7.813733228097869,1249,98.57932123125494,0,0.0,402,31.728492501973165
